"Dagobah","Son Of Skywalker","images/LS/rebel.gif","","R","images/starwars/Dagobah-Light/large/sonofskywalker.gif","/img/Dagobah-Light/sonofskywalker.gif"
"Dagobah","Yoda","images/LS/jedi.gif","","R","images/starwars/Dagobah-Light/large/yoda.gif","/img/Dagobah-Light/yoda.gif"
"Dagobah","Bog-wing","images/LS/creature.gif","* Ferocity = destiny -1. Habitat: Dagobah. Parasite: Character (that can move). Relocate Bog-wing and host up to two sites away (opponent of victim chooses). Bog-wing then detaches.","C","images/starwars/Dagobah-Light/large/bogwing.gif","/img/Dagobah-Light/bogwing.gif"
"Dagobah","Mynock","images/LS/creature.gif","","C","images/starwars/Dagobah-Light/large/mynock.gif","/img/Dagobah-Light/mynock.gif"
"Dagobah","Nudj","images/LS/creature.gif","*Ferocity = destiny - 4. Habitat: planet sites (except Hoth and Tatooine) and Dark Waters. Cumulatively absorbs (temporarily cancels) one [Dark Side Force] icon present. Parasite: None.","C","images/starwars/Dagobah-Light/large/nudj.gif","/img/Dagobah-Light/nudj.gif"
"Dagobah","Space Slug","images/LS/creature.gif","* Ferocity = two destiny. Habitat: Big One (Cave is now Belly). Attacks starfighters (defeated cards are eaten or relocated to Belly, opponent of victim chooses). Once per turn, may open or close mouth.","R","images/starwars/Dagobah-Light/large/spaceslug.gif","/img/Dagobah-Light/spaceslug.gif"
"Dagobah","Vine Snake","images/LS/creature.gif","","C","images/starwars/Dagobah-Light/large/vinesnake.gif","/img/Dagobah-Light/vinesnake.gif"
"Dagobah","Astromech Translator","images/LS/device.gif","","C","images/starwars/Dagobah-Light/large/astromechtranslator.gif","/img/Dagobah-Light/astromechtranslator.gif"
"Dagobah","Droid Sensorscope","images/LS/device.gif","Deploy on one of your R-unit droids. During any control phase, you may use 1 Force to peek at the top card of opponent's Reserve Deck. Also, if on Dagobah, droid may move for free.","U","images/starwars/Dagobah-Light/large/droidsensorscope.gif","/img/Dagobah-Light/droidsensorscope.gif"
"Dagobah","Han's Toolkit","images/LS/device.gif","Use 1 Force to deploy on one of you characters, vehicles or starships (free on Falcon or Han). While aboard a vehicle or starship, you may use 1 Force to cancel any Interrupt or Effect of any kind which targets that vehicle or starship.","R","images/starwars/Dagobah-Light/large/hanstoolkit.gif","/img/Dagobah-Light/hanstoolkit.gif"
"Dagobah","Landing Claw","images/LS/device.gif","Deploy on one of you starfighters. During any control phase, may target one opponent's capital starship present. Starfighter attaches to target (automatically moves with target and is 'concealed'). May detach at any time (even as target begins to move).","R","images/starwars/Dagobah-Light/large/landingclaw.gif","/img/Dagobah-Light/landingclaw.gif"
"Dagobah","Luke's Backpack","images/LS/device.gif","Deploy on any character. May carry and use any number of devices. May also carry Yoda, Kabe or any one Jawa or Ewok (as if riding a creature vehicle). Adds 1 to training destiny when carrying the Mentor.","R","images/starwars/Dagobah-Light/large/lukesbackpack.gif","/img/Dagobah-Light/lukesbackpack.gif"
"Dagobah","Portable Fusion Generator","images/LS/device.gif","Deploy on any warrior. When that warrior fires a blaster rifle or artillery weapon, adds 1 to each of that weapon's destiny draws. Also, may add 1 to power of one droid present.","C","images/starwars/Dagobah-Light/large/portablefusiongenerator.gif","/img/Dagobah-Light/portablefusiongenerator.gif"
"Dagobah","Rebel Flight Suit","images/LS/device.gif","Deploy on your pilot character. While piloting any starfighter, combat vehicle or shuttle vehicle, that character is considered to be the 'matching pilot' (pilot adds 2 to maneuver (limit +2) and draws one battle destiny if not able to otherwise).","C","images/starwars/Dagobah-Light/large/rebelflightsuit.gif","/img/Dagobah-Light/rebelflightsuit.gif"
"Dagobah","Retractable Arm","images/LS/device.gif","","C","images/starwars/Dagobah-Light/large/retractablearm.gif","/img/Dagobah-Light/retractablearm.gif"
"Dagobah","Anger, Fear, Aggression","images/LS/effect.gif","Insert in opponent's Reserve Deck. When Effect reaches top it is lost, but opponent must initiate a battle by the end of opponent's next battle phase or lose 4 Force. (Immune to Alter.)","C","images/starwars/Dagobah-Light/large/angerfearaggression.gif","/img/Dagobah-Light/angerfearaggression.gif"
"Dagobah","Asteroid Sanctuary","images/LS/effect.gif","Deploy on any asteroid sector you control. During each of your control phases, opponent loses X Force, where X = total number of asteroid sectors at same system that are not occupied by opponent. Effect canceled if opponent controls this location.","C","images/starwars/Dagobah-Light/large/asteroidsanctuary.gif","/img/Dagobah-Light/asteroidsanctuary.gif"
"Dagobah","Asteroids Do Not Concern Me","images/LS/effect.gif","Deploy on any asteroid sector. Target one opponent's capital starship. Pilots aboard target may not use ability to draw battle destiny. Subtract 4 from asteroid destiny when targeting that starship. Utinni Effect canceled when reached by target.","R","images/starwars/Dagobah-Light/large/asteroidsdonotconcernme.gif","/img/Dagobah-Light/asteroidsdonotconcernme.gif"
"Dagobah","At Peace","images/LS/effect.gif","Deploy on any apprentice at the beginning of your turn. Apprentice 'rests' (may not attempt Jedi Tests) until end of your next turn, then relocate Immediate Effect to Jedi Test. When attempting this test, that apprentice adds 3 to training destiny. (Immune to Control.)","R","images/starwars/Dagobah-Light/large/atpeace.gif","/img/Dagobah-Light/atpeace.gif"
"Dagobah","Descent Into The Dark","images/LS/effect.gif","During your turn, if either player just placed a card in a Used Pile, deploy on table. All Used Piles are immediately re-circulated. When any player places one or more cards in a Used Pile, Immediate Effect cancelled.","R","images/starwars/Dagobah-Light/large/descentintothedark.gif","/img/Dagobah-Light/descentintothedark.gif"
"Dagobah","Do, Or Do Not","images/LS/effect.gif","Deploy on table. Sense and Alter are now Lost Interrupts. Also, when and player makes a destiny draw for Sense or Alter, and that destiny draw is successful, that player loses 2 Force. (Immune to Alter.)","C","images/starwars/Dagobah-Light/large/doordonot.gif","/img/Dagobah-Light/doordonot.gif"
"Dagobah","Encampment","images/LS/effect.gif","Use 2 Force to deploy on any exterior planet site where you have a Rebel or alien. You may deploy characters at this site, even without presence, regardless of location deployment restrictions.","C","images/starwars/Dagobah-Light/large/encampment.gif","/img/Dagobah-Light/encampment.gif"
"Dagobah","Flash Of Insight","images/LS/effect.gif","Deploy on your side of table. At any time, you may use 3 Force to draw the top card of your Reserve Deck into your hand. If that card is a space creature, you may immediately deploy it for free.","U","images/starwars/Dagobah-Light/large/flashofinsight.gif","/img/Dagobah-Light/flashofinsight.gif"
"Dagobah","Grounded Starfighter","images/LS/effect.gif","Deploy on a landed starship (not at a docking bay). Starship may not move. OR Deploy on a starship or vehicle on Dagobah. Starship or vehicle may not move. At the start of your next control phase, starship or vehicle 'sinks' to bottom of the Lost Pile.","U","images/starwars/Dagobah-Light/large/groundedstarfighter.gif","/img/Dagobah-Light/groundedstarfighter.gif"
"Dagobah","Hiding In The Garbage","images/LS/effect.gif","Use 2 Force to deploy on your side of table. At any time, you may declare a card type. Use Force one by one, revealing each card used, until a card of that type is revealed (take it into hand) or Force Pile is depleted.","R","images/starwars/Dagobah-Light/large/hidinginthegarbage.gif","/img/Dagobah-Light/hidinginthegarbage.gif"
"Dagobah","Ineffective Maneuver","images/LS/effect.gif","Deploy on any Effect or Utinni Effect (except those immune to Alter). During each of owner's draw phases, if you occupy an asteroid sector, owner must choose to either lose 1 Force or voluntarily cancel that Effect or Utinni Effect. (Immune to Alter.)","U","images/starwars/Dagobah-Light/large/ineffectivemaneuver.gif","/img/Dagobah-Light/ineffectivemaneuver.gif"
"Dagobah","Never Tell Me The Odds","images/LS/effect.gif","Insert in opponent's Reserve Deck. When Effect reaches top it is lost and up to the three lowest destiny numbers of each player's characters on table are totaled. Player with lower total loses Force equal to the difference. (Immune to Alter.)","C","images/starwars/Dagobah-Light/large/nevertellmetheodds.gif","/img/Dagobah-Light/nevertellmetheodds.gif"
"Dagobah","No Disintegrations!","images/LS/effect.gif","","R","images/starwars/Dagobah-Light/large/nodisintegrations.gif","/img/Dagobah-Light/nodisintegrations.gif"
"Dagobah","Obi-Wan's Apparition","images/LS/effect.gif","Use 4 Force to deploy on any site if opponent is generating at least 3 Force more than you. At that site, adjacent sites and same sites as Obi-Wan, players activate Force only if they have presence.","R","images/starwars/Dagobah-Light/large/obiwansapparition.gif","/img/Dagobah-Light/obiwansapparition.gif"
"Dagobah","Order To Engage","images/LS/effect.gif","Use 2 Force to deploy on opponent's side of table. At the end of each of opponent's battle phases, if a battle did not take place at every location where both players have presence at the end of that phase, opponent loses 3 Force.","R","images/starwars/Dagobah-Light/large/ordertoengage.gif","/img/Dagobah-Light/ordertoengage.gif"
"Dagobah","Polarized Negative Power Coupling","images/LS/effect.gif","Deploy on table. Turn every Used Pile face up. All subsequent cards placed in Used Piles are also turned face up. (Players must commit to using cards before revealing them.) Turn used cards face down whenever they are re-circulated.","R","images/starwars/Dagobah-Light/large/polarizednegativepowercoupling.gif","/img/Dagobah-Light/polarizednegativepowercoupling.gif"
"Dagobah","Quick Draw","images/LS/effect.gif","Deploy on your side of table. Once during each of your draw phases, you may use 2 Force to search your Lost Pile. Take any one blaster you find there and immediately deploy it (for free).","C","images/starwars/Dagobah-Light/large/quickdraw.gif","/img/Dagobah-Light/quickdraw.gif"
"Dagobah","Reflection","images/LS/effect.gif","Deploy on Leia. Once during each of your control phases, you may use 3 Force to retrieve one card from your Lost Pile. Also, when an apprentice, adds 1 to her training destiny.","R","images/starwars/Dagobah-Light/large/reflection.gif","/img/Dagobah-Light/reflection.gif"
"Dagobah","Report To Lord Vader","images/LS/effect.gif","","R","images/starwars/Dagobah-Light/large/reporttolordvader.gif","/img/Dagobah-Light/reporttolordvader.gif"
"Dagobah","Rogue Asteroid","images/LS/effect.gif","Deploy on an asteroid sector and specify starting direction. Every move phase, moves to next adjacent asteroid sector (reversing direction as necessary). Where present, adds 2 to asteroid destiny. May be targeted by starship weapons (armor = 3).","C","images/starwars/Dagobah-Light/large/rogueasteroid.gif","/img/Dagobah-Light/rogueasteroid.gif"
"Dagobah","Rycar's Run","images/LS/effect.gif","Deploy on a Big One. X = twice the number of asteroid sectors at that system. Target a starfighter at related planet system. When reached by target, relocate Utinni Effect to planet system. When target returns to system, lose Utinni Effect. Retrieve X Force.","R","images/starwars/Dagobah-Light/large/rycarsrun.gif","/img/Dagobah-Light/rycarsrun.gif"
"Dagobah","Scramble","images/LS/effect.gif","Deploy on opponent's side of table. Opponent's pilots (except Vader) present at sites may not use ability to draw battle destiny. Effect canceled when opponent has no pilots at sites.","U","images/starwars/Dagobah-Light/large/scramble.gif","/img/Dagobah-Light/scramble.gif"
"Dagobah","Smuggler's Blues","images/LS/effect.gif","Deploy on a smuggler. May use 2 Force to cancel Limited Resources. Also, if 'trained' by Rycar Ryjerd and piloting as starship when that starship completes Kessel Run, Rycar's Run or The First Transport Is Away, any retrieved Force may be taken into hand.","R","images/starwars/Dagobah-Light/large/smugglersblues.gif","/img/Dagobah-Light/smugglersblues.gif"
"Dagobah","Stone Pile","images/LS/effect.gif","Use 2 Force to deploy on any Dagobah site. Randomly select two cards from opponent's hand and place them, unseen, face down beneath Stone Pile. Cards return to opponent's hand if Effect leaves table. Canceled if opponent occupies this site.","R","images/starwars/Dagobah-Light/large/stonepile.gif","/img/Dagobah-Light/stonepile.gif"
"Dagobah","The Professor","images/LS/effect.gif","Use 3 Force to deploy on your side of the table (free if C-3PO on table). If you have a protocol droid aboard a starship or vehicle in a battle, you may use X Force to reduce the battle damage against you by X (by X + 1 if a Nav Computer character is also aboard).","R","images/starwars/Dagobah-Light/large/theprofessor.gif","/img/Dagobah-Light/theprofessor.gif"
"Dagobah","Wars Not Make One Great","images/LS/effect.gif","Deploy on any location. For either player to initiate a battle or Force drain anywhere, that player must use +1 Force. Effect canceled if opponent controls this location.","U","images/starwars/Dagobah-Light/large/warsnotmakeonegreat.gif","/img/Dagobah-Light/warsnotmakeonegreat.gif"
"Dagobah","What Is Thy Bidding, My Master?","images/LS/effect.gif","Deploy on Emperor or any system. Target one character whose lore uses the word 'Emperor.' Target cannot use ability to draw battle destiny and is excluded from being the 'highest-ability character.' Utinni Effect canceled when reached by target.","R","images/starwars/Dagobah-Light/large/whatisthybiddingmymaster.gif","/img/Dagobah-Light/whatisthybiddingmymaster.gif"
"Dagobah","Yoda's Gimer Stick","images/LS/effect.gif","","R","images/starwars/Dagobah-Light/large/yodasgimerstick.gif","/img/Dagobah-Light/yodasgimerstick.gif"
"Dagobah","Yoda's Hope","images/LS/effect.gif","Deploy on a character. When on the mentor, adds 1 to training destiny draws. If on Yoda, you may lose Effect to search your Reserve Deck and take into hand one card with 'levitation' in the title. Shuffle, cut and replace.","U","images/starwars/Dagobah-Light/large/yodashope.gif","/img/Dagobah-Light/yodashope.gif"
"Dagobah","Away Put Your Weapon","images/LS/interrupt.gif","USED: If a lightsaber was just used to enhance a Force drain, place it in Owner's Used Pile.LOST: Place any or all of your devices and character weapons on table in your Used Pile.","U","images/starwars/Dagobah-Light/large/awayputyourweapon.gif","/img/Dagobah-Light/awayputyourweapon.gif"
"Dagobah","Blasted Varmints","images/LS/interrupt.gif","Use 1 Force to cause all Mynocks or Vine Snakes to detach from one starfighter or character. OR Cause one Mynock attached to any starfighter to be lost. OR After creature has selected a target character, cancel that selection and select again.","C","images/starwars/Dagobah-Light/large/blastedvarmints.gif","/img/Dagobah-Light/blastedvarmints.gif"
"Dagobah","Closer?!","images/LS/interrupt.gif","During your move phase, use 1 Force to relocate one of your starships from a planet system to any related asteroid sector (or vice versa). This movement is free if a smuggler is on board. OR Cancel Rogue Asteroid or Close Call.","U","images/starwars/Dagobah-Light/large/closer.gif","/img/Dagobah-Light/closer.gif"
"Dagobah","Control","images/LS/interrupt.gif","Cancel one Sense or Alter card. (Immune to Sense.) OR Cancel one Immediate Effect, Mobile Effect or Force drain.","U","images/starwars/Dagobah-Light/large/control.gif","/img/Dagobah-Light/control.gif"
"Dagobah","Effective Repairs","images/LS/interrupt.gif","USED: Cancel Limited Resources.LOST: Use 3 Force to retrieve into hand one Effect of any kind.","R","images/starwars/Dagobah-Light/large/effectiverepairs.gif","/img/Dagobah-Light/effectiverepairs.gif"
"Dagobah","Egregious Pilot Error","images/LS/interrupt.gif","","R","images/starwars/Dagobah-Light/large/egregiouspiloterror.gif","/img/Dagobah-Light/egregiouspiloterror.gif"
"Dagobah","Found Someone You Have","images/LS/interrupt.gif","","U","images/starwars/Dagobah-Light/large/foundsomeoneyouhave.gif","/img/Dagobah-Light/foundsomeoneyouhave.gif"
"Dagobah","I Have A Bad Feeling About This","images/LS/interrupt.gif","Use 3 Force: Retarget an Interrupt or Utinni Effect which specifies a target to another appropriate target on the same side of the Force. OR Relocate any Effect (except those immune to Alter) deployed on a location to another appropriate location.","R","images/starwars/Dagobah-Light/large/ihaveabadfeelingaboutthis.gif","/img/Dagobah-Light/ihaveabadfeelingaboutthis.gif"
"Dagobah","Jedi Levitation","images/LS/interrupt.gif","Use X force, where X=(7- ability of your highest ability character on table). Search through your Used Pile and take one card into hand. Shuffle, Cut and replace.","R","images/starwars/Dagobah-Light/large/jedilevitation.gif","/img/Dagobah-Light/jedilevitation.gif"
"Dagobah","Levitation","images/LS/interrupt.gif","USED: Cancel Silence Is Golden or Shut Him Up Or Shut Him Down.LOST: Search your Used Pile and take any one droid, device or Stone Pile you find there into hand. Shuffle, cut and replace.","U","images/starwars/Dagobah-Light/large/levitation.gif","/img/Dagobah-Light/levitation.gif"
"Dagobah","Light Maneuvers","images/LS/interrupt.gif","Cancel Dark Maneuvers, Emergency Deployment, Lone Pilot, I Want That Ship, Defensive Fire, Rogue Asteroid or Take Evasive Action. OR Double Special Modifications until end of turn.","R","images/starwars/Dagobah-Light/large/lightmaneuvers.gif","/img/Dagobah-Light/lightmaneuvers.gif"
"Dagobah","Lost Relay","images/LS/interrupt.gif","Target one opponent's starfighter present with one of your starships at an asteroid sector, before asteroid destiny is drawn this turn. If target lost this turn due to asteroid destiny, opponent also loses Force equal to target's forfeit value.","C","images/starwars/Dagobah-Light/large/lostrelay.gif","/img/Dagobah-Light/lostrelay.gif"
"Dagobah","Moving To Attack Position","images/LS/interrupt.gif","Target one starfighter participating in a battle at a system. For remainder of turn, starfighter may not move, is immune to attrition and, if piloted by any Corellian, is power +2.","C","images/starwars/Dagobah-Light/large/movingtoattackposition.gif","/img/Dagobah-Light/movingtoattackposition.gif"
"Dagobah","Recoil In Fear","images/LS/interrupt.gif","Use 3 Force. Each player counts cards in hand, then places entire hand and Used Pile onto Reserve Deck. Shuffle cut and replace. Each player then draws from Reserve Deck the counted number of cards to create a new hand.","C","images/starwars/Dagobah-Light/large/recoilinfear.gif","/img/Dagobah-Light/recoilinfear.gif"
"Dagobah","Shoo! Shoo!","images/LS/interrupt.gif","If you have a droid on table: Cancel an attack just initiated by a creature. OR Immediately move one opponent's creature (except an attached creature) to an adjacent location (habitat permitting).","U","images/starwars/Dagobah-Light/large/shooshoo.gif","/img/Dagobah-Light/shooshoo.gif"
"Dagobah","Starship Levitation","images/LS/interrupt.gif","","U","images/starwars/Dagobah-Light/large/starshiplevitation.gif","/img/Dagobah-Light/starshiplevitation.gif"
"Dagobah","They'd Be Crazy To Follow Us","images/LS/interrupt.gif","Use 1 Force to target a starship at an asteroid sector or a 'blown away' system. For remainder of turn, you may add 2 to destiny totals targeting the armor or maneuver of that starship.","C","images/starwars/Dagobah-Light/large/theydbecrazytofollowus.gif","/img/Dagobah-Light/theydbecrazytofollowus.gif"
"Dagobah","This Is More Like It","images/LS/interrupt.gif","During a battle, lose X Force to reduce attrition against you by X. OR Cancel This Is Just Wrong.","R","images/starwars/Dagobah-Light/large/thisismorelikeit.gif","/img/Dagobah-Light/thisismorelikeit.gif"
"Dagobah","This Is No Cave","images/LS/interrupt.gif","Relocate one starfighter from a Big One to the related site (or vice versa) for free (opens Slug's mouth if closed). If smuggler aboard, starfighter is immune to attrition and subtracts 5 from asteroid destiny until end of your next turn. OR Cancel Corrosive Damage.","R","images/starwars/Dagobah-Light/large/thisisnocave.gif","/img/Dagobah-Light/thisisnocave.gif"
"Dagobah","Through The Force Things You Will See","images/LS/interrupt.gif","At the end of any player's draw phase, cause that player to place Used Pile face up on top of Reserve Deck. Shuffle, cut, and replace. When face up cards are removed from Reserve Deck, they are treated as normal (no longer face up).","R","images/starwars/Dagobah-Light/large/throughtheforcethingsyouwillsee.gif","/img/Dagobah-Light/throughtheforcethingsyouwillsee.gif"
"Dagobah","Tight Squeeze","images/LS/interrupt.gif","If you have a lone vehicle or starfighter in a battle or Attack Run at Beggar's Canyon, Cloud City, Death Star: Trench or an asteroid sector, use 1 Force. At the end of that battle or Attack Run, opponent must forfeit two participating vehicles or starfighters.","R","images/starwars/Dagobah-Light/large/tightsqueeze.gif","/img/Dagobah-Light/tightsqueeze.gif"
"Dagobah","Transmission Terminated","images/LS/interrupt.gif","","U","images/starwars/Dagobah-Light/large/transmissionterminated.gif","/img/Dagobah-Light/transmissionterminated.gif"
"Dagobah","Tunnel Vision","images/LS/interrupt.gif","Search your Force Pile and take one card into hand. Shuffle, cut and replace.","U","images/starwars/Dagobah-Light/large/tunnelvision.gif","/img/Dagobah-Light/tunnelvision.gif"
"Dagobah","Visored Vision","images/LS/interrupt.gif","Name an Interrupt card. Opponent must reveal entire Used Pile, without shuffling. Then you choose:USED: Opponent must lose 1 Force for each copy of that Interrupt found there.LOST: Each copy of that interrupt found there is lost.","C","images/starwars/Dagobah-Light/large/visoredvision.gif","/img/Dagobah-Light/visoredvision.gif"
"Dagobah","We Can Still Outmaneuver Them","images/LS/interrupt.gif","USED: Search your Reserve Deck. Take one Collision! or Egregious Pilot Error into hand. Shuffle, cut and replace.LOST: If opponent just initiated a battle with at least two capital starships at a system where you have a lone starfighter, add two battle destiny.","R","images/starwars/Dagobah-Light/large/wecanstilloutmaneuverthem.gif","/img/Dagobah-Light/wecanstilloutmaneuverthem.gif"
"Dagobah","We Don't Need Their Scum","images/LS/interrupt.gif","USED: Cancel Res Luk Ra'auf.LOST: If two bounty hunters (or an Imperial and a bounty hunter) are in a battle together, use 2 Force to draw two destiny. Subtract total from opponent's attrition and total power (cannot fall below zero).","R","images/starwars/Dagobah-Light/large/wedontneedtheirscum.gif","/img/Dagobah-Light/wedontneedtheirscum.gif"
"Dagobah","WHAAAAAAAAAOOOOW!","images/LS/interrupt.gif","If one of your characters was just defeated by a Dragonsnake, Rancor, Sarlacc, Dianoga or Wampa, instead of being 'eaten' that character is 'hurled' (relocated) to an adjacent site, if possible.","R","images/starwars/Dagobah-Light/large/whaaaaaaaaaoooow.gif","/img/Dagobah-Light/whaaaaaaaaaoooow.gif"
"Dagobah","Yoda Stew","images/LS/interrupt.gif","During opponent's turn, take up to four cards from your hand and place them on top of your Force Pile.","U","images/starwars/Dagobah-Light/large/yodastew.gif","/img/Dagobah-Light/yodastew.gif"
"Dagobah","Yoda, You Seek Yoda","images/LS/interrupt.gif","If Yoda is lost, use 1 Force to retrieve him from the Lost Pile. OR Use 3 Force to search through your Reserve Deck and take Yoda into your hand. Shuffle, cut and replace.","R","images/starwars/Dagobah-Light/large/yodayouseekyoda.gif","/img/Dagobah-Light/yodayouseekyoda.gif"
"Dagobah","You Do Have Your Moments","images/LS/interrupt.gif","During a battle, before any cards have been forfeited, cause all attrition for both sides to be reduced to zero.","U","images/starwars/Dagobah-Light/large/youdohaveyourmoments.gif","/img/Dagobah-Light/youdohaveyourmoments.gif"
"Dagobah","A Jedi's Strength","images/LS/jedi_test.gif","","U","images/starwars/Dagobah-Light/large/ajedisstrength.gif","/img/Dagobah-Light/ajedisstrength.gif"
"Dagobah","Domain Of Evil","images/LS/jedi_test.gif","","C","images/starwars/Dagobah-Light/large/domainofevil.gif","/img/Dagobah-Light/domainofevil.gif"
"Dagobah","Great Warrior","images/LS/jedi_test.gif","","C","images/starwars/Dagobah-Light/large/greatwarrior.gif","/img/Dagobah-Light/greatwarrior.gif"
"Dagobah","It Is The Future You See","images/LS/jedi_test.gif","","R","images/starwars/Dagobah-Light/large/itisthefutureyousee.gif","/img/Dagobah-Light/itisthefutureyousee.gif"
"Dagobah","Size Matters Not","images/LS/jedi_test.gif","","R","images/starwars/Dagobah-Light/large/sizemattersnot.gif","/img/Dagobah-Light/sizemattersnot.gif"
"Dagobah","Anoat","images/LS/system.gif","","U","images/starwars/Dagobah-Light/large/anoat.gif","/img/Dagobah-Light/anoat.gif"
"Dagobah","Asteroid Field","images/LS/sector.gif","","C","images/starwars/Dagobah-Light/large/asteroidfield.gif","/img/Dagobah-Light/asteroidfield.gif"
"Dagobah","Big One","images/LS/sector.gif","","U","images/starwars/Dagobah-Light/large/bigone.gif","/img/Dagobah-Light/bigone.gif"
"Dagobah","Big One: Asteroid Cave Or Space Slug Belly","images/LS/site.gif","","U","images/starwars/Dagobah-Light/large/bigoneasteroidcaveorspaceslugbelly.gif","/img/Dagobah-Light/bigoneasteroidcaveorspaceslugbelly.gif"
"Dagobah","Dagobah","images/LS/system.gif","","U","images/starwars/Dagobah-Light/large/dagobah.gif","/img/Dagobah-Light/dagobah.gif"
"Dagobah","Dagobah: Bog Clearing","images/LS/site.gif","","R","images/starwars/Dagobah-Light/large/dagobahbogclearing.gif","/img/Dagobah-Light/dagobahbogclearing.gif"
"Dagobah","Dagobah: Jungle","images/LS/site.gif","","U","images/starwars/Dagobah-Light/large/dagobahjungle.gif","/img/Dagobah-Light/dagobahjungle.gif"
"Dagobah","Dagobah: Swamp","images/LS/site.gif","","U","images/starwars/Dagobah-Light/large/dagobahswamp.gif","/img/Dagobah-Light/dagobahswamp.gif"
"Dagobah","Dagobah: Training Area","images/LS/site.gif","","C","images/starwars/Dagobah-Light/large/dagobahtrainingarea.gif","/img/Dagobah-Light/dagobahtrainingarea.gif"
"Dagobah","Dagobah: Yoda's Hut","images/LS/site.gif","","R","images/starwars/Dagobah-Light/large/dagobahyodashut.gif","/img/Dagobah-Light/dagobahyodashut.gif"
"Dagobah","Raithal","images/LS/system.gif","","R","images/starwars/Dagobah-Light/large/raithal.gif","/img/Dagobah-Light/raithal.gif"
"Dagobah","4-LOM","images/DS/droid.gif","Total power at same site is +1 for each of your alien/droid pairs present. Once during each battle, if present with Zuckuss, may use 1 Force to search any Used Pile and move 1 character there to the Lost Pile. May initiate battle and be battled.","R","images/starwars/Dagobah-Dark/large/4lom.gif","/img/Dagobah-Dark/4lom.gif"
"Dagobah","Bossk","images/DS/alien.gif","Adds 2 to power of anything he pilots. When piloting Hound's Tooth, draws one battle destiny if not able to otherwise. Adds 1 to attrition against opponent in battles at same site. While present, may reduce Chewie's forfeit to zero while here.","R","images/starwars/Dagobah-Dark/large/bossk.gif","/img/Dagobah-Dark/bossk.gif"
"Dagobah","Captain Needa","images/DS/imperial.gif","","R","images/starwars/Dagobah-Dark/large/captainneeda.gif","/img/Dagobah-Dark/captainneeda.gif"
"Dagobah","Comm Chief","images/DS/imperial.gif","Adds 2 to power of anything he pilots, and that starship or vehicle moves for free.","C","images/starwars/Dagobah-Dark/large/commchief.gif","/img/Dagobah-Dark/commchief.gif"
"Dagobah","Commander Brandei","images/DS/imperial.gif","Adds 2 to power of anything he pilots. Once during each of your control phases, when aboard a Star Destroyer or at any docking bay, may use 1 Force to take one TIE into hand from Reserve Deck; reshuffle.","U","images/starwars/Dagobah-Dark/large/commanderbrandei.gif","/img/Dagobah-Dark/commanderbrandei.gif"
"Dagobah","Commander Gherant","images/DS/imperial.gif","If aboard Executor (even at an Executor site), once during each of your deploy phases, may use 2 Force to search your Reserve Deck and take any one Executor site into hand. Shuffle, cut and replace.","U","images/starwars/Dagobah-Dark/large/commandergherant.gif","/img/Dagobah-Dark/commandergherant.gif"
"Dagobah","Commander Nemet","images/DS/imperial.gif","Adds 1 to power and maneuver of anything he pilots. Opponent may not 'react' to or from same location.","U","images/starwars/Dagobah-Dark/large/commandernemet.gif","/img/Dagobah-Dark/commandernemet.gif"
"Dagobah","Corporal Derdram","images/DS/imperial.gif","Power +1 when at any Executor site. While at Detention Block Corridor, cancels game text of Detention Block Control Room. May use 1 Force to search your Reserve Deck and take one IT-O or Hypo into hand. Shuffle, cut and replace.","U","images/starwars/Dagobah-Dark/large/corporalderdram.gif","/img/Dagobah-Dark/corporalderdram.gif"
"Dagobah","Corporal Vandolay","images/DS/imperial.gif","May use 1 Force to search your Reserve Deck and take one Spice Mines Of Kessel or Detention Block Corridor into hand. Shuffle, cut and replace. While at a mobile site, We Have A Prisoner is a Used Interrupt.","U","images/starwars/Dagobah-Dark/large/corporalvandolay.gif","/img/Dagobah-Dark/corporalvandolay.gif"
"Dagobah","Dengar","images/DS/alien.gif","Adds 2 to power of anything he pilots. Power +1 for each opponent's character present. While present, may reduce Han's forfeit to zero.","R","images/starwars/Dagobah-Dark/large/dengar.gif","/img/Dagobah-Dark/dengar.gif"
"Dagobah","IG-88","images/DS/droid.gif","Adds 2 to power of anything he pilots. May 'assassinate' any character at same site hit by IG-88 (victim is immediately lost). May use two different weapons. May initiate battle and be battled. Immune to Restraining Bolt and purchase.","R","images/starwars/Dagobah-Dark/large/ig88.gif","/img/Dagobah-Dark/ig88.gif"
"Dagobah","Imperial Helmsman","images/DS/imperial.gif","Adds 2 to power of anything he pilots. When piloting a Star Destroyer, also draws one battle destiny if not able to otherwise.","C","images/starwars/Dagobah-Dark/large/imperialhelmsman.gif","/img/Dagobah-Dark/imperialhelmsman.gif"
"Dagobah","Lieutenant Commander Ardan","images/DS/imperial.gif","","U","images/starwars/Dagobah-Dark/large/lieutenantcommanderardan.gif","/img/Dagobah-Dark/lieutenantcommanderardan.gif"
"Dagobah","Lieutenant Suba","images/DS/imperial.gif","While at a Death Star or Executor site, your troopers deploy free there and are power and forfeit +1 there, and you may use 1 Force to search your Reserve Deck and take one Tactical Support into hand. Shuffle, cut and replace.","R","images/starwars/Dagobah-Dark/large/lieutenantsuba.gif","/img/Dagobah-Dark/lieutenantsuba.gif"
"Dagobah","Lieutenant Venka","images/DS/imperial.gif","Power +2 when at an Executor site or same site as Tarkin or Chief Bast, or if the Death Star has been 'blown away.' Fear Will Keep Them In Line is destiny +2 and, when it adds 1 to your power, also adds 1 to attrition against opponent.","U","images/starwars/Dagobah-Dark/large/lieutenantvenka.gif","/img/Dagobah-Dark/lieutenantvenka.gif"
"Dagobah","Warrant Officer M'Kae","images/DS/imperial.gif","Adds 2 to power of anything he pilots. May use 1 Force to take one tractor beam, Our First Catch Of The Day or Besieged into hand from Reserve Deck; reshuffle.","U","images/starwars/Dagobah-Dark/large/warrantofficermkae.gif","/img/Dagobah-Dark/warrantofficermkae.gif"
"Dagobah","Zuckuss","images/DS/alien.gif","","R","images/starwars/Dagobah-Dark/large/zuckuss.gif","/img/Dagobah-Dark/zuckuss.gif"
"Dagobah","Bog-wing","images/DS/creature.gif","* Ferocity = destiny -1. Habitat: Dagobah. Parasite: Character (that can move). Relocate Bog-wing and host up to two sites away (opponent of victim chooses). Bog-wing then detaches.","C","images/starwars/Dagobah-Dark/large/bogwing.gif","/img/Dagobah-Dark/bogwing.gif"
"Dagobah","Dragonsnake","images/DS/creature.gif","Ferocity = 3 + destiny. Habitat: swamps, jungles and Dark Waters. May attack droids. Defeated droids are relocated to an adjacent exterior site (opponent of victim chooses).","R","images/starwars/Dagobah-Dark/large/dragonsnake.gif","/img/Dagobah-Dark/dragonsnake.gif"
"Dagobah","Mynock","images/DS/creature.gif","","C","images/starwars/Dagobah-Dark/large/mynock.gif","/img/Dagobah-Dark/mynock.gif"
"Dagobah","Sleen","images/DS/creature.gif","Ferocity = destiny - 3. Habitat: planet sites (except Hoth and Tatooine) and Dark Waters. Cumulatively absorbs (temporarily cancels) one [Light Side Force] icon present. Parasite: None.","C","images/starwars/Dagobah-Dark/large/sleen.gif","/img/Dagobah-Dark/sleen.gif"
"Dagobah","Space Slug","images/DS/creature.gif","* Ferocity = two destiny. Habitat: Big One (Cave is now Belly). Attacks starfighters (defeated cards are eaten or relocated to Belly, opponent of victim chooses). Once per turn, may open or close mouth.","U","images/starwars/Dagobah-Dark/large/spaceslug.gif","/img/Dagobah-Dark/spaceslug.gif"
"Dagobah","Vine Snake","images/DS/creature.gif","","C","images/starwars/Dagobah-Dark/large/vinesnake.gif","/img/Dagobah-Dark/vinesnake.gif"
"Dagobah","3,720 To 1","images/DS/effect.gif","Insert in opponent's Reserve Deck. When Effect reaches top it is lost and up to the three lowest destiny numbers of each player's characters on table are totaled. Player with lower total loses Force equal to the difference. (Immune to Alter.)","C","images/starwars/Dagobah-Dark/large/3720to1.gif","/img/Dagobah-Dark/3720to1.gif"
"Dagobah","Awwww, Cannot Get Your Ship Out","images/DS/effect.gif","Deploy on a landed starship (not at a docking bay). Starship may not move. OR Deploy on a starship or vehicle on Dagobah. Starship or vehicle may not move. At the start of you next control phase, starship or vehicle 'sinks' to the Used Pile.","C","images/starwars/Dagobah-Dark/large/awwwwcannotgetyourshipout.gif","/img/Dagobah-Dark/awwwwcannotgetyourshipout.gif"
"Dagobah","Bad Feeling Have I","images/DS/effect.gif","Deploy on opponent's side of table. Luke, Leia, Han, Chewie, Lando, Yoda, and Obi-Wan are deploy +2. Also, opponent may not play any cards with the words 'bad feeling' in the title.","R","images/starwars/Dagobah-Dark/large/badfeelinghavei.gif","/img/Dagobah-Dark/badfeelinghavei.gif"
"Dagobah","Bombing Run","images/DS/effect.gif","Deploy on a non-interior planet site (except Dagobah). May move to an adjacent non-interior site at start of your move phase. Your bombers at a related system you control may move to this site. Bombers must return to system at end of your battle phase (if possible).","R","images/starwars/Dagobah-Dark/large/bombingrun.gif","/img/Dagobah-Dark/bombingrun.gif"
"Dagobah","Broken Concentration","images/DS/effect.gif","Deploy on your side of table. Apprentices subtract X from training destiny, where X = ability - Jedi Test number (minimum zero). Also, once per turn, you may use 2 Force to move the top card of opponent's Force Pile to the top of opponent's Reserve Deck.","R","images/starwars/Dagobah-Dark/large/brokenconcentration.gif","/img/Dagobah-Dark/brokenconcentration.gif"
"Dagobah","Corrosive Damage","images/DS/effect.gif","Deploy on Space Slug Belly. At the end of each player's turn, for every character and starship that player has present, that player must lose 1 Force. Effect canceled if Space Slug lost.","R","images/starwars/Dagobah-Dark/large/corrosivedamage.gif","/img/Dagobah-Dark/corrosivedamage.gif"
"Dagobah","Failure At The Cave","images/DS/effect.gif","","R","images/starwars/Dagobah-Dark/large/failureatthecave.gif","/img/Dagobah-Dark/failureatthecave.gif"
"Dagobah","Field Promotion","images/DS/effect.gif","","R","images/starwars/Dagobah-Dark/large/fieldpromotion.gif","/img/Dagobah-Dark/fieldpromotion.gif"
"Dagobah","Flagship","images/DS/effect.gif","Use 2 Force to deploy on your Star Destroyer. Your other starships may move as a 'react' to same system or sector (for free). If starship lost, you lose X Force, where X = starship's armor. (Immune to your Alter.)","R","images/starwars/Dagobah-Dark/large/flagship.gif","/img/Dagobah-Dark/flagship.gif"
"Dagobah","He Is Not Ready","images/DS/effect.gif","Deploy on any character. Subtracts 2 from that character's training destiny draws. OR Deploy on an opponent's pilot at a site. During each of opponent's move phases, opponent must choose to move that character, lose that character or lose 1 Force.","C","images/starwars/Dagobah-Dark/large/heisnotready.gif","/img/Dagobah-Dark/heisnotready.gif"
"Dagobah","I Want That Ship","images/DS/effect.gif","Deploy on one opponent's unique (ï¿½) starship at a location you do not occupy. When starship is targeted by any tractor beam or ion cannon, subtract 2 from maneuver. If starship is captured or lost, lose Effect and opponent must lose 3 Force (5 if Falcon).","R","images/starwars/Dagobah-Dark/large/iwantthatship.gif","/img/Dagobah-Dark/iwantthatship.gif"
"Dagobah","Knowledge And Defense","images/DS/effect.gif","Insert in opponent's Reserve Deck. When Effect reaches top it is lost, but opponent may not initiate any battles for remainder of turn. (Immune to Alter.)","C","images/starwars/Dagobah-Dark/large/knowledgeanddefense.gif","/img/Dagobah-Dark/knowledgeanddefense.gif"
"Dagobah","Location, Location, Location","images/DS/effect.gif","Deploy on table. At the end of each player's deploy phase, if they did not deploy a location, they lose 1 Force. Effect canceled if any player deploys three or more locations in a single turn.","R","images/starwars/Dagobah-Dark/large/locationlocationlocation.gif","/img/Dagobah-Dark/locationlocationlocation.gif"
"Dagobah","Lost In Space","images/DS/effect.gif","If a pilot was just lost from a system or sector, deploy on that location and stack pilot here. Pilot may be rescued or captured by any capital starship present here during any move phase, and may be targeted by weapons (except during battle) as if present (treat as a starfighter with defense value = 0). Lost if no pilot here.","R","images/starwars/Dagobah-Dark/large/lostinspace.gif","/img/Dagobah-Dark/lostinspace.gif"
"Dagobah","Much Anger In Him","images/DS/effect.gif","Deploy on a Rebel. At the end of each opponent's battle phases, if you have presence at the location where that Rebel has presences and a battle did not take place there, opponent loses 4 Force.","R","images/starwars/Dagobah-Dark/large/muchangerinhim.gif","/img/Dagobah-Dark/muchangerinhim.gif"
"Dagobah","Precision Targeting","images/DS/effect.gif","Use 3 Force to deploy on table. Any card which is 'hit' may not be used to satisfy attrition. (Immune to Alter.)","U","images/starwars/Dagobah-Dark/large/precisiontargeting.gif","/img/Dagobah-Dark/precisiontargeting.gif"
"Dagobah","Rogue Asteroid","images/DS/effect.gif","Deploy on an asteroid sector and specify starting direction. Every move phase, moves to next adjacent asteroid sector (reversing direction as necessary). Where present, adds 2 to asteroid destiny. May be targeted by starship weapons (armor = 3).","C","images/starwars/Dagobah-Dark/large/rogueasteroid.gif","/img/Dagobah-Dark/rogueasteroid.gif"
"Dagobah","Shot In The Dark","images/DS/effect.gif","Deploy on your side of table. Once per turn, you may lose 1 Force to draw the top card of your Reserve Deck into your hand. If that card is a space creature, you may immediately deploy it for free.","U","images/starwars/Dagobah-Dark/large/shotinthedark.gif","/img/Dagobah-Dark/shotinthedark.gif"
"Dagobah","Sudden Impact","images/DS/effect.gif","Deploy on any Effect or Utinni Effect (except those immune to Alter). During each of owner's draw phases, if you occupy an asteroid sector, owner must choose to either lose 1 Force or voluntarily cancel that Effect or Utinni Effect. (Immune to Alter.)","U","images/starwars/Dagobah-Dark/large/suddenimpact.gif","/img/Dagobah-Dark/suddenimpact.gif"
"Dagobah","The Dark Path","images/DS/effect.gif","Deploy on your side of table. Once per turn, you may peek at the top three cards of your Reserve Deck. Place any two of those three in your Lost Pile.","R","images/starwars/Dagobah-Dark/large/thedarkpath.gif","/img/Dagobah-Dark/thedarkpath.gif"
"Dagobah","There Is No Try","images/DS/effect.gif","Deploy on table. Sense and Alter are now Lost Interrupts. Also, when any player makes a destiny draw for Sense or Alter, and that destiny draw is successful, that player loses 2 Force. (Immune to Alter.)","C","images/starwars/Dagobah-Dark/large/thereisnotry.gif","/img/Dagobah-Dark/thereisnotry.gif"
"Dagobah","Visage Of The Emperor","images/DS/effect.gif","Lose 2 Force to deploy on Executor: Holotheatre or Death Star: Conference Room. At the end of each player's turn, each player must lost 1 Force. Effect canceled if opponent controls this site. (Immune to Alter.)","R","images/starwars/Dagobah-Dark/large/visageoftheemperor.gif","/img/Dagobah-Dark/visageoftheemperor.gif"
"Dagobah","A Dangerous Time","images/DS/interrupt.gif","USED: Examine the cards in opponent's Force Pile. Reorder however you wish and replace.LOST: Search your Reserve Deck and take one Dark Forces into hand. Shuffle, cut and replace.","C","images/starwars/Dagobah-Dark/large/adangeroustime.gif","/img/Dagobah-Dark/adangeroustime.gif"
"Dagobah","Apology Accepted","images/DS/interrupt.gif","","C","images/starwars/Dagobah-Dark/large/apologyaccepted.gif","/img/Dagobah-Dark/apologyaccepted.gif"
"Dagobah","Close Call","images/DS/interrupt.gif","USED: Cancel one asteroid destiny and cause it to be drawn again.LOST: Lose 1 Force. Opponent must reveal the top card of Reserve Deck, Force Pile and Used Pile. Card(s) with lowest destiny number greater than zero are lost.","C","images/starwars/Dagobah-Dark/large/closecall.gif","/img/Dagobah-Dark/closecall.gif"
"Dagobah","Control","images/DS/interrupt.gif","Cancel one Sense or Alter card. (Immune to Sense.) OR Cancel one Immediate Effect, Mobile Effect or Force drain.","U","images/starwars/Dagobah-Dark/large/control.gif","/img/Dagobah-Dark/control.gif"
"Dagobah","Defensive Fire","images/DS/interrupt.gif","Cancel Rogue Asteroid, OR Randomly select one card from opponent's hand and place it, unseen, in Used Pile.","C","images/starwars/Dagobah-Dark/large/defensivefire.gif","/img/Dagobah-Dark/defensivefire.gif"
"Dagobah","Fear","images/DS/interrupt.gif","Opponent must choose to lose either 2 Force from hand or 1 Force from top of Reserve Deck.","C","images/starwars/Dagobah-Dark/large/fear.gif","/img/Dagobah-Dark/fear.gif"
"Dagobah","Frustration","images/DS/interrupt.gif","","R","images/starwars/Dagobah-Dark/large/frustration.gif","/img/Dagobah-Dark/frustration.gif"
"Dagobah","HoloNet Transmission","images/DS/interrupt.gif","USED: Cancel Transmission Terminated.LOST: Take one Imperial or Visage Of The Emperor into hand from Used Pile; reshuffle.","U","images/starwars/Dagobah-Dark/large/holonettransmission.gif","/img/Dagobah-Dark/holonettransmission.gif"
"Dagobah","Imbalance","images/DS/interrupt.gif","If opponent just retrieved Force, opponent must lose X Force, where X = one-half the number of cards retrieved (round up).","U","images/starwars/Dagobah-Dark/large/imbalance.gif","/img/Dagobah-Dark/imbalance.gif"
"Dagobah","Lando System?","images/DS/interrupt.gif","","R","images/starwars/Dagobah-Dark/large/landosystem.gif","/img/Dagobah-Dark/landosystem.gif"
"Dagobah","Res Luk Ra'auf","images/DS/interrupt.gif","If any bounty hunter is defending a battle alone, add one battle destiny. OR If Bossk, Greedo or Boba Fett is defending a battle alone, add two battle destiny.","R","images/starwars/Dagobah-Dark/large/reslukraauf.gif","/img/Dagobah-Dark/reslukraauf.gif"
"Dagobah","Shut Him Up Or Shut Him Down","images/DS/interrupt.gif","Cancel Death Star Plans, The Professor, Bacta Tank, How Did We Get Into This Mess?, Shoo! Shoo! or Thank The Maker.","U","images/starwars/Dagobah-Dark/large/shuthimuporshuthimdown.gif","/img/Dagobah-Dark/shuthimuporshuthimdown.gif"
"Dagobah","Something Hit Us!","images/DS/interrupt.gif","During a battle, lose 1 Force. Cumulatively adds 1 to attrition against opponent.","C","images/starwars/Dagobah-Dark/large/somethinghitus.gif","/img/Dagobah-Dark/somethinghitus.gif"
"Dagobah","Take Evasive Action","images/DS/interrupt.gif","Cancel Egregious Pilot Error, Out Of Nowhere, Collision! or Don't Get Cocky. OR Use 1 Force to subtract 3 from all asteroid destiny draws against you for remainder of turn.","C","images/starwars/Dagobah-Dark/large/takeevasiveaction.gif","/img/Dagobah-Dark/takeevasiveaction.gif"
"Dagobah","Those Rebels Won't Escape Us","images/DS/interrupt.gif","USED: Cancel Nabrun Leids.LOST: During your move phase, cancel Landing Claw. OR Cancel Hyper Escape, Closer?! or one 'react.'","C","images/starwars/Dagobah-Dark/large/thoserebelswontescapeus.gif","/img/Dagobah-Dark/thoserebelswontescapeus.gif"
"Dagobah","Uncertain Is The Future","images/DS/interrupt.gif","Use 3 Force. Each player counts cards in hand, then places entire hand and Used Pile onto Reserve Deck. Shuffle, cut and replace. Each player then draws from Reserve Deck the counted number of cards to create a new hand.","C","images/starwars/Dagobah-Dark/large/uncertainisthefuture.gif","/img/Dagobah-Dark/uncertainisthefuture.gif"
"Dagobah","Unexpected Interruption","images/DS/interrupt.gif","Use 2 Force to search your Reserve Deck and take one Interrupt into hand. Shuffle, cut and replace.","R","images/starwars/Dagobah-Dark/large/unexpectedinterruption.gif","/img/Dagobah-Dark/unexpectedinterruption.gif"
"Dagobah","Voyeur","images/DS/interrupt.gif","Name an Interrupt card. Opponent must reveal entire Used Pile, without shuffling. Then you choose:USED: Opponent must lose 1 Force for each copy of that Interrupt found there.LOST: Each copy of that interrupt found there is lost.","C","images/starwars/Dagobah-Dark/large/voyeur.gif","/img/Dagobah-Dark/voyeur.gif"
"Dagobah","Anoat","images/DS/system.gif","","U","images/starwars/Dagobah-Dark/large/anoat.gif","/img/Dagobah-Dark/anoat.gif"
"Dagobah","Asteroid Field","images/DS/sector.gif","","C","images/starwars/Dagobah-Dark/large/asteroidfield.gif","/img/Dagobah-Dark/asteroidfield.gif"
"Dagobah","Big One","images/DS/sector.gif","","U","images/starwars/Dagobah-Dark/large/bigone.gif","/img/Dagobah-Dark/bigone.gif"
"Dagobah","Big One: Asteroid Cave Or Space Slug Belly","images/DS/site.gif","","U","images/starwars/Dagobah-Dark/large/bigoneasteroidcaveorspaceslugbelly.gif","/img/Dagobah-Dark/bigoneasteroidcaveorspaceslugbelly.gif"
"Dagobah","Dagobah: Cave","images/DS/site.gif","","R","images/starwars/Dagobah-Dark/large/dagobahcave.gif","/img/Dagobah-Dark/dagobahcave.gif"
"Dagobah","Executor: Comm Station","images/DS/site.gif","","U","images/starwars/Dagobah-Dark/large/executorcommstation.gif","/img/Dagobah-Dark/executorcommstation.gif"
"Dagobah","Executor: Control Station","images/DS/site.gif","","U","images/starwars/Dagobah-Dark/large/executorcontrolstation.gif","/img/Dagobah-Dark/executorcontrolstation.gif"
"Dagobah","Executor: Holotheatre","images/DS/site.gif","","R","images/starwars/Dagobah-Dark/large/executorholotheatre.gif","/img/Dagobah-Dark/executorholotheatre.gif"
"Dagobah","Executor: Main Corridor","images/DS/site.gif","","C","images/starwars/Dagobah-Dark/large/executormaincorridor.gif","/img/Dagobah-Dark/executormaincorridor.gif"
"Dagobah","Executor: Meditation Chamber","images/DS/site.gif","","R","images/starwars/Dagobah-Dark/large/executormeditationchamber.gif","/img/Dagobah-Dark/executormeditationchamber.gif"
"Dagobah","Raithal","images/DS/system.gif","","U","images/starwars/Dagobah-Dark/large/raithal.gif","/img/Dagobah-Dark/raithal.gif"
"Dagobah","Star Destroyer: Launch Bay","images/DS/site.gif","","C","images/starwars/Dagobah-Dark/large/stardestroyerlaunchbay.gif","/img/Dagobah-Dark/stardestroyerlaunchbay.gif"
"Dagobah","Avenger","images/DS/starship.gif","May add 6 pilots, 8 passengers, 2 vehicles, and 4 TIEs. Has ship-docking capability. Permanent pilot aboard provides ability of 2. Subtract 2 from asteroid destiny draws targeting Avenger.","R","images/starwars/Dagobah-Dark/large/avenger.gif","/img/Dagobah-Dark/avenger.gif"
"Dagobah","Executor","images/DS/starship.gif","","R","images/starwars/Dagobah-Dark/large/executor.gif","/img/Dagobah-Dark/executor.gif"
"Dagobah","Hound's Tooth","images/DS/starship.gif","","R","images/starwars/Dagobah-Dark/large/houndstooth.gif","/img/Dagobah-Dark/houndstooth.gif"
"Dagobah","IG-2000","images/DS/starship.gif","","R","images/starwars/Dagobah-Dark/large/ig2000.gif","/img/Dagobah-Dark/ig2000.gif"
"Dagobah","Mist Hunter","images/DS/starship.gif","","R","images/starwars/Dagobah-Dark/large/misthunter.gif","/img/Dagobah-Dark/misthunter.gif"
"Dagobah","Punishing One","images/DS/starship.gif","","R","images/starwars/Dagobah-Dark/large/punishingone.gif","/img/Dagobah-Dark/punishingone.gif"
"Dagobah","TIE Avenger","images/DS/starship.gif","Deploy -1 to same system as any Imperial capital starship. May add 1 pilot. Boosted TIE Cannon may deploy aboard.","C","images/starwars/Dagobah-Dark/large/tieavenger.gif","/img/Dagobah-Dark/tieavenger.gif"
"Dagobah","TIE Bomber","images/DS/starship.gif","Power +2 during a Bombing Run battle. Permanent pilot aboard provides ability of 1. At any time during your turn, may use 1 Force to 'diffuse' (lose or return to hand) any one Orbital Mine present.","U","images/starwars/Dagobah-Dark/large/tiebomber.gif","/img/Dagobah-Dark/tiebomber.gif"
"Dagobah","4-LOM's Concussion Rifle","images/DS/weapon.gif","","R","images/starwars/Dagobah-Dark/large/4lomsconcussionrifle.gif","/img/Dagobah-Dark/4lomsconcussionrifle.gif"
"Dagobah","Bossk's Mortar Gun","images/DS/weapon.gif","","R","images/starwars/Dagobah-Dark/large/bossksmortargun.gif","/img/Dagobah-Dark/bossksmortargun.gif"
"Dagobah","Dengar's Blaster Carbine","images/DS/weapon.gif","","R","images/starwars/Dagobah-Dark/large/dengarsblastercarbine.gif","/img/Dagobah-Dark/dengarsblastercarbine.gif"
"Dagobah","IG-88's Neural Inhibitor","images/DS/weapon.gif","","R","images/starwars/Dagobah-Dark/large/ig88sneuralinhibitor.gif","/img/Dagobah-Dark/ig88sneuralinhibitor.gif"
"Dagobah","IG-88's Pulse Cannon","images/DS/weapon.gif","","R","images/starwars/Dagobah-Dark/large/ig88spulsecannon.gif","/img/Dagobah-Dark/ig88spulsecannon.gif"
"Dagobah","Proton Bombs","images/DS/weapon.gif","","U","images/starwars/Dagobah-Dark/large/protonbombs.gif","/img/Dagobah-Dark/protonbombs.gif"
"Dagobah","Zuckuss' Snare Rifle","images/DS/weapon.gif","","R","images/starwars/Dagobah-Dark/large/zuckusssnarerifle.gif","/img/Dagobah-Dark/zuckusssnarerifle.gif"
