"DeathStar2","Capital Support","images/LS/admirals_order.gif","","R","images/starwars/DeathStarII-Light/large/capitalsupport.gif","/img/DeathStarII-Light/capitalsupport.gif"
"DeathStar2","Combined Fleet Action","images/LS/admirals_order.gif","At each system where any player does not have both a starfighter and a capital starship present, that player's starships there are power -2. At sites related to systems you occupy, during each battle opponent may draw no more than one battle destiny. Once during each of your deploy phases, you may deploy one combat vehicle from your Reserve Deck; reshuffle.","R","images/starwars/DeathStarII-Light/large/combinedfleetaction.gif","/img/DeathStarII-Light/combinedfleetaction.gif"
"DeathStar2","Concentrate All Fire","images/LS/admirals_order.gif","Each starfighter that fires a weapon in battle is power +3 for the remiander of battle. Once per turn you may cancel and redraw your starship weapon destiny just drawn. At sites related to systems you occupy, your characters who have immunity to attrition each add 2 to immunity and 1 to each of that character's weapon destiny draws.","R","images/starwars/DeathStarII-Light/large/concentrateallfire.gif","/img/DeathStarII-Light/concentrateallfire.gif"
"DeathStar2","I'll Take The Leader","images/LS/admirals_order.gif","","R","images/starwars/DeathStarII-Light/large/illtaketheleader.gif","/img/DeathStarII-Light/illtaketheleader.gif"
"DeathStar2","Taking Them With Us","images/LS/admirals_order.gif","Each player, if that player has a capital starship armed with a starship weapon in battle, draws one battle destiny if not able to otherwise and once per battle, may reduce the defense value of one opponent's capital starship present by 4 for remainder of the battle. At sites related to systems you occupy, your non-pilot warriors are deploy - 1, defense value +2 and forfeit +1.","R","images/starwars/DeathStarII-Light/large/takingthemwithus.gif","/img/DeathStarII-Light/takingthemwithus.gif"
"DeathStar2","Admiral Ackbar","images/LS/rebel.gif","Deploys -2 to Home One. Adds 3 to power of any capital starship he pilots. Your capital starships deploy -1 to same system. Once per game, may take one Mon Calamari character or Admiral's Order into hand from Reserve Deck; reshuffle.","XR","images/starwars/DeathStarII-Light/large/admiralackbar.gif","/img/DeathStarII-Light/admiralackbar.gif"
"DeathStar2","Captain Verrack","images/LS/rebel.gif","Allows your starship weapons at same location to fire and deploy for 1 less Force. While aboard your capital starship, adds 1 to each of its weapon destiny draws (2 when targeting a capital starship).","U","images/starwars/DeathStarII-Light/large/captainverrack.gif","/img/DeathStarII-Light/captainverrack.gif"
"DeathStar2","Colonel Cracken","images/LS/rebel.gif","Deploys -2 aboard Tala 1. Adds 2 to power of anything he pilots. When piloting Tala 1, draws one battle destiny if not able to otherwise. When opponent deploys a spy or scout to same (or related) exterior site, opponent loses 1 Force.","R","images/starwars/DeathStarII-Light/large/colonelcracken.gif","/img/DeathStarII-Light/colonelcracken.gif"
"DeathStar2","Colonel Salm","images/LS/rebel.gif","Adds 2 to power of anything he pilots. When he is piloting a Y-wing, once per battle you may cancel and redraw your battle destiny just drawn. While he occupies the Renegade system, Imperial Control is flipped and Imperial Occupation may not be flipped.","U","images/starwars/DeathStarII-Light/large/colonelsalm.gif","/img/DeathStarII-Light/colonelsalm.gif"
"DeathStar2","Corporal Marmor","images/LS/rebel.gif","Reduces X by 3 on Docking And Repair Facilities when a Star Cruiser is held there. When he is at a docking bay where you have just deployed a starfighter, once per turn you may retrieve 1 Force.","U","images/starwars/DeathStarII-Light/large/corporalmarmor.gif","/img/DeathStarII-Light/corporalmarmor.gif"
"DeathStar2","Corporal Midge","images/LS/rebel.gif","","U","images/starwars/DeathStarII-Light/large/corporalmidge.gif","/img/DeathStarII-Light/corporalmidge.gif"
"DeathStar2","First Officer Thaneespi","images/LS/rebel.gif","","R","images/starwars/DeathStarII-Light/large/firstofficerthaneespi.gif","/img/DeathStarII-Light/firstofficerthaneespi.gif"
"DeathStar2","General Calrissian","images/LS/rebel.gif","Deploy -2 aboard Falcon. Adds 3 to power of anything he pilots. When piloting a freighter, adds 1 to maneuver and draws one battle destiny if not able to otherwise. When he attempts to 'blow away' Death Star II, adds 2 to total.","R","images/starwars/DeathStarII-Light/large/generalcalrissian.gif","/img/DeathStarII-Light/generalcalrissian.gif"
"DeathStar2","General Walex Blissex","images/LS/rebel.gif","Deploys -2 aboard your Star Cruiser or to same location as your Admiral. Adds 1 to the power of anything he pilots. Adds 1 to the power and forfeit ofeach of your A-wings at same and related locations.","U","images/starwars/DeathStarII-Light/large/generalwalexblissex.gif","/img/DeathStarII-Light/generalwalexblissex.gif"
"DeathStar2","Gray Squadron Y-wing Pilot","images/LS/rebel.gif","Adds 2 to the power of anything he pilots. When piloting a Y-wing, draws one battle destiny if not able to otherwise. When a starship he pilots fires an ion cannon, once per turn, may draw two weapon destiny and choose one.","C","images/starwars/DeathStarII-Light/large/graysquadronywingpilot.gif","/img/DeathStarII-Light/graysquadronywingpilot.gif"
"DeathStar2","Green Leader","images/LS/rebel.gif","Adds 2 to power of anything he pilots. When piloting Green Squadron 1, draws on battle destiny if not able to otherwise. Adds 3 to total weapon destiny of any starfighter he pilots firing at a starfighter with lower maneuver.","R","images/starwars/DeathStarII-Light/large/greenleader.gif","/img/DeathStarII-Light/greenleader.gif"
"DeathStar2","Green Squadron Pilot","images/LS/rebel.gif","Adds 2 to power of anything he pilots. When piloting an A-wing, draws one battle destiny if not able to otherwise and is forfeit +2.","C","images/starwars/DeathStarII-Light/large/greensquadronpilot.gif","/img/DeathStarII-Light/greensquadronpilot.gif"
"DeathStar2","Karie Neth","images/LS/rebel.gif","Adds 2 to power of anything she pilots. While aboard your starship, adds 1 to each of its weapon destiny draws (2 if Gray Squadron 2 or when with Telsij).","U","images/starwars/DeathStarII-Light/large/karieneth.gif","/img/DeathStarII-Light/karieneth.gif"
"DeathStar2","Keir Santage","images/LS/rebel.gif","Adds 2 to the power of anything he pilots. When at a system, sector, or docking bay, once during each of your deploy phases, may subtract 2 from deploy cost of your unique (�) X-wing deploying here.","U","images/starwars/DeathStarII-Light/large/keirsantage.gif","/img/DeathStarII-Light/keirsantage.gif"
"DeathStar2","Kin Kian","images/LS/rebel.gif","Adds 1 to power of anything he pilots. While aboard your starship, adds 2 to each of its weapon destiny draws. While aboard a unique (�) Gray Squadron Y-wing at a system or sector, adds 1 to each of your Force drains there.","U","images/starwars/DeathStarII-Light/large/kinkian.gif","/img/DeathStarII-Light/kinkian.gif"
"DeathStar2","Lieutenant Blount","images/LS/rebel.gif","Adds 2 to power of anything he pilots. When piloting Tala 2, draws one battle destiny if not able to otherwise. While he occupies any Coruscant location, Empire's Sinister Agents is flipped and ISB Operations may not be flipped.","R","images/starwars/DeathStarII-Light/large/lieutenantblount.gif","/img/DeathStarII-Light/lieutenantblount.gif"
"DeathStar2","Lieutenant s'Too Vees","images/LS/rebel.gif","When in battle at a site with Lando or Marmor, adds one destiny to total power only. When he is at a docking bay, once during each of your deploy phases, you may deploy one starship weapon from Reserve Deck on your starfighter present; reshuffle.","U","images/starwars/DeathStarII-Light/large/lieutenantstoovees.gif","/img/DeathStarII-Light/lieutenantstoovees.gif"
"DeathStar2","Lieutenant Telsij","images/LS/rebel.gif","Adds 2 to power of anything he pilots. When at a system, sector or docking bay, once during each of your deploy phases, may subtact 2 from deploy cost of your unique (�) Y-wing deploying there.","U","images/starwars/DeathStarII-Light/large/lieutenanttelsij.gif","/img/DeathStarII-Light/lieutenanttelsij.gif"
"DeathStar2","Luke Skywalker, Jedi Knight","images/LS/rebel.gif","","UR","images/starwars/DeathStarII-Light/large/lukeskywalkerjediknight.gif","/img/DeathStarII-Light/lukeskywalkerjediknight.gif"
"DeathStar2","Major Haash'n","images/LS/rebel.gif","Deploys -2 to any Star Cruiser. Adds 2 to the power of any capital ship he pilots. When piloting a Star Cruiser, adds 1 to hyperspeed and armor and cancels Lateral Damage targeting a starship at same system.","U","images/starwars/DeathStarII-Light/large/majorhaashn.gif","/img/DeathStarII-Light/majorhaashn.gif"
"DeathStar2","Major Olander Brit","images/LS/rebel.gif","Power and forfeit +1 while present with Major Panno. When with Major Panno at a site, adds one battle destiny. When present with a Scomplink, cancels Counter Assault at a related site where you have a spy or scout.","U","images/starwars/DeathStarII-Light/large/majorolanderbrit.gif","/img/DeathStarII-Light/majorolanderbrit.gif"
"DeathStar2","Major Panno","images/LS/rebel.gif","While at a system or an exterior battleground site, allows you to activate up to 2 additional Force for each related exterior battleground site you occupy with a scout (limit 4 additional Force).","U","images/starwars/DeathStarII-Light/large/majorpanno.gif","/img/DeathStarII-Light/majorpanno.gif"
"DeathStar2","Nien Nunb","images/LS/rebel.gif","Adds 2 to the power of anything he pilots. When at a mobile sector, once per turn you may peek at the top card of your Reserve Deck; you may place that card on top of your Used Pile. When with General Calrissian may add one battle destiny.","R","images/starwars/DeathStarII-Light/large/niennunb.gif","/img/DeathStarII-Light/niennunb.gif"
"DeathStar2","Ten Numb","images/LS/rebel.gif","Deploys -2 aboard Blue Squadron 5. Adds 2 to power of anything he pilots. Adds 2 to total weapon destiny of any B-wing he pilots.","R","images/starwars/DeathStarII-Light/large/tennumb.gif","/img/DeathStarII-Light/tennumb.gif"
"DeathStar2","Tycho Celchu","images/LS/rebel.gif","Deploys -2 aboard Green Squadron 3. Adds 3 to power of any starfighter he pilots. When piloting Green Squadron 3 or any X-wing, draws one battle destiny if not able to otherwise.","R","images/starwars/DeathStarII-Light/large/tychocelchu.gif","/img/DeathStarII-Light/tychocelchu.gif"
"DeathStar2","Wedge Antilles, Red Squadron Leader","images/LS/rebel.gif","Adds 3 to power of anything he pilots.  When piloting, draws one battle destiny if not able to otherwise (if Red 2, also adds 2 to maneuver).  When in battle with another Red or Rogue squadron pilot, once per battle may cancel one battle destiny just drawn.","R","images/starwars/DeathStarII-Light/large/wedgeantillesredsquadronleader.gif","/img/DeathStarII-Light/wedgeantillesredsquadronleader.gif"
"DeathStar2","Close Air Support","images/LS/effect.gif","Deploy on table. While your Z-95 occupies a system or cloud sector, once per turn your scout at a related exterior site may add one battle destiny (if Z-95 is Tala 1 or Tala 2, may also add one destiny to total power only).","C","images/starwars/DeathStarII-Light/large/closeairsupport.gif","/img/DeathStarII-Light/closeairsupport.gif"
"DeathStar2","Honor Of The Jedi","images/LS/effect.gif","Deploy on table. Unless opponent occupies three battlegrounds, each time you must lose Force (except from your card, battle damage or a Force drain at a battleground), reduce the loss by 2. (Immune to Alter while you occupy any battleground).","U","images/starwars/DeathStarII-Light/large/honorofthejedi.gif","/img/DeathStarII-Light/honorofthejedi.gif"
"DeathStar2","I Feel The Conflict","images/LS/effect.gif","Use 2 Force to deploy on table. Each time you win a battle or duel, opponent loses 1 Force (cannot be reduced) and stacks lost card here face down. When attempting to cross Vader over, add 3 to total destiny for each card in stack. (Immune to Alter.)","U","images/starwars/DeathStarII-Light/large/ifeeltheconflict.gif","/img/DeathStarII-Light/ifeeltheconflict.gif"
"DeathStar2","I'm With You Too","images/LS/effect.gif","Deploy on Luke if That's One and Count Me In are on table. When Han, Chewie, Leia and Luke are involved in the same battle, you may double your total battle destiny and Han, Chewie, Leia, and Luke are immune to attrition. Don't Get Cocky is a Used Interrupt.","R","images/starwars/DeathStarII-Light/large/imwithyoutoo.gif","/img/DeathStarII-Light/imwithyoutoo.gif"
"DeathStar2","Launching The Assault","images/LS/effect.gif","Deploy on any system. Once per game, may take Home One into from Reserve Deck; reshuffle. Your Force drains are +1 at battleground systems where you have a Star Cruiser piloted by a character. Effecte canceled when Rendezvous Point on table. (Immune to Alter.)","R","images/starwars/DeathStarII-Light/large/launchingtheassault.gif","/img/DeathStarII-Light/launchingtheassault.gif"
"DeathStar2","Let's Keep A Little Optimism Here","images/LS/effect.gif","Deploy on table. While you occupy a Renegade planet location, operatives are forfeit = 0, operatives do not add to Force drains and your Force drains may not be reduced. At any time, you may place Effect out of play to retrieve 1 Force. (Immune to Alter.)","C","images/starwars/DeathStarII-Light/large/letskeepalittleoptimismhere.gif","/img/DeathStarII-Light/letskeepalittleoptimismhere.gif"
"DeathStar2","Menace Fades","images/LS/effect.gif","Deploy on table. While you control any three Coruscant, Death Star and/or Death Star II locations, or any battleground site and one battleground system, all opponents Force drain bonuses everywhere are cancelled. (Immune to Alter.)","C","images/starwars/DeathStarII-Light/large/menacefades.gif","/img/DeathStarII-Light/menacefades.gif"
"DeathStar2","Squadron Assignments","images/LS/effect.gif","Deploy on table. During your deploy phase, you may reveal one unpiloted starfighter from hand to take its matching pilot character from Reserve Deck (or vice versa) and deploy both simultaneously; reshuffle. (Immune to Alter.)","C","images/starwars/DeathStarII-Light/large/squadronassignments.gif","/img/DeathStarII-Light/squadronassignments.gif"
"DeathStar2","Staging Areas","images/LS/effect.gif","Deploy on table. Your Force generation is +1 at each docking bay you occupy (or +2 if you control). You non-unique Star Cruisers are deploy -1 and may deploy to same battleground system as any rebel starship. (Immune to Alter.)","C","images/starwars/DeathStarII-Light/large/stagingareas.gif","/img/DeathStarII-Light/stagingareas.gif"
"DeathStar2","Strike Planning","images/LS/effect.gif","Deploy on table. Twice per game, you may take one Mon Mothma or any general (except Obi-Wan) into hand from Reserve Deck; reshuffle. Opponent's Force generation at Endor system is canceled unless Endor Operations on table. (Immune to Alter.)","R","images/starwars/DeathStarII-Light/large/strikeplanning.gif","/img/DeathStarII-Light/strikeplanning.gif"
"DeathStar2","Strikeforce","images/LS/effect.gif","Deploy on table. While you control a battleground site, your Force drain may not be modified or canceled at a system where you have a Star Cruiser or unique(�) starfighter, except by a 'react.' Place Effect in Used Pile if you lose a battle at a system.","C","images/starwars/DeathStarII-Light/large/strikeforce.gif","/img/DeathStarII-Light/strikeforce.gif"
"DeathStar2","Superficial Damage","images/LS/effect.gif","Deploy on table. Each turn, each of your characters, vehicles, and starships may forfeit one of its weapons (except a lightsaber) using forfeit value = 3. Also, your forfeited weapons go to Used Pile. (Immune to Alter.)","C","images/starwars/DeathStarII-Light/large/superficialdamage.gif","/img/DeathStarII-Light/superficialdamage.gif"
"DeathStar2","The Time For Our Attack Has Come","images/LS/effect.gif","If you just initiated a second battle this turn, deploy on table. When you lose a battle, you may place Immediate Effect in Used Pile to cancel all battle damage against you, unless Draw Their Fire on table. (Immune to Control.)","C","images/starwars/DeathStarII-Light/large/thetimeforourattackhascome.gif","/img/DeathStarII-Light/thetimeforourattackhascome.gif"
"DeathStar2","The Way Of Things","images/LS/effect.gif","Deploy on table. If Yoda is on Dagobah and Jedi Test #3 is present with target apprentice, it is completed. Also, you may not play Surprise Assault. Each apprentice on Dagobah is landspeed = 2 and may not be targeted by Set For Stun. (Immune To Alter.)","C","images/starwars/DeathStarII-Light/large/thewayofthings.gif","/img/DeathStarII-Light/thewayofthings.gif"
"DeathStar2","Twilight Is Upon Me","images/LS/effect.gif","Deploy on table. Once per turn, may take The Force Is Strong With This One or Anakin Skywalker into hand from Reserve Deck: reshuffle. May use 2 Force to cancel Dark Jedi Presence or You Are Beaten (unless canceling Uncontrollable Fury). (Immune to Alter.)","R","images/starwars/DeathStarII-Light/large/twilightisuponme.gif","/img/DeathStarII-Light/twilightisuponme.gif"
"DeathStar2","Your Insight Serves You Well","images/LS/effect.gif","Deploy on table. Opponent's Dark Jedi are defense value -1. Scanning Crew and 3,720 To 1 are canceled. You may place Effect in Lost Pile to take one [Endor] or [Death Star II] Effect that deploys for free into hand from Reserve Deck; reshuffle. (Immune to Alter.)","U","images/starwars/DeathStarII-Light/large/yourinsightservesyouwell.gif","/img/DeathStarII-Light/yourinsightservesyouwell.gif"
"DeathStar2","Anakin Skywalker","images/LS/interrupt.gif","","R","images/starwars/DeathStarII-Light/large/anakinskywalker.gif","/img/DeathStarII-Light/anakinskywalker.gif"
"DeathStar2","Critical Error Revealed","images/LS/interrupt.gif","If you have a leader at your war room, peek at the top card of opponent's Reserve Deck. You may place it on bottom of that Reserve Deck.","C","images/starwars/DeathStarII-Light/large/criticalerrorrevealed.gif","/img/DeathStarII-Light/criticalerrorrevealed.gif"
"DeathStar2","Head Back To The Surface","images/LS/interrupt.gif","If your piloted unique (�) starfighter is present with opponent's piloted starfighter during your move phase at a non-cloud sector, relocate both to related system. OR Target your starfighter in battle. During this battle, your other starships may not be targeted by weapons.","C","images/starwars/DeathStarII-Light/large/headbacktothesurface.gif","/img/DeathStarII-Light/headbacktothesurface.gif"
"DeathStar2","Heading For The Medical Frigate","images/LS/interrupt.gif","USED: Add 1 to your battle destiny just drawn.STARTING: Deploy up to three Effects if each of them deploys for free, is always immune to Alter and has 'deploy on table' (or 'deploy on your side of table') in its game text. Place Interrupt in Lost Pile.","C","images/starwars/DeathStarII-Light/large/headingforthemedicalfrigate.gif","/img/DeathStarII-Light/headingforthemedicalfrigate.gif"
"DeathStar2","Insertion Planning","images/LS/interrupt.gif","","C","images/starwars/DeathStarII-Light/large/insertionplanning.gif","/img/DeathStarII-Light/insertionplanning.gif"
"DeathStar2","Our Only Hope","images/LS/interrupt.gif","","U","images/starwars/DeathStarII-Light/large/ouronlyhope.gif","/img/DeathStarII-Light/ouronlyhope.gif"
"DeathStar2","Rebel Leadership","images/LS/interrupt.gif","Each of your admirals and generals is foreit +1 for remainder of turn. OR If your admiral is in battle at a system (or your general, except Obi-Wan, is in battle at a site), you may either add one battle destiny or prevent opponent from drawing more that one battle destiny.","R","images/starwars/DeathStarII-Light/large/rebelleadership.gif","/img/DeathStarII-Light/rebelleadership.gif"
"DeathStar2","You Must Confront Vader","images/LS/jedi_test.gif","","R","images/starwars/DeathStarII-Light/large/youmustconfrontvader.gif","/img/DeathStarII-Light/youmustconfrontvader.gif"
"DeathStar2","Aquaris","images/LS/system.gif","","C","images/starwars/DeathStarII-Light/large/aquaris.gif","/img/DeathStarII-Light/aquaris.gif"
"DeathStar2","Home One: Docking Bay","images/LS/site.gif","","C","images/starwars/DeathStarII-Light/large/homeonedockingbay.gif","/img/DeathStarII-Light/homeonedockingbay.gif"
"DeathStar2","Home One: War Room","images/LS/site.gif","","R","images/starwars/DeathStarII-Light/large/homeonewarroom.gif","/img/DeathStarII-Light/homeonewarroom.gif"
"DeathStar2","Mon Calamari","images/LS/system.gif","","C","images/starwars/DeathStarII-Light/large/moncalamari.gif","/img/DeathStarII-Light/moncalamari.gif"
"DeathStar2","Sullust","images/LS/system.gif","","C","images/starwars/DeathStarII-Light/large/sullust.gif","/img/DeathStarII-Light/sullust.gif"
"DeathStar2","There Is Good In Him I Can Save Him","images/LS/objective.gif","","R","images/starwars/DeathStarII-Light/large/thereisgoodinhim.gif","/img/DeathStarII-Light/thereisgoodinhim.gif"
"DeathStar2","A-wing","images/LS/starship.gif","Permanent pilot provides ability of 1. Opponent may not 'react' to or from here. Power -1 when opponent has a starfighter present with higher maneuver.","C","images/starwars/DeathStarII-Light/large/awing.gif","/img/DeathStarII-Light/awing.gif"
"DeathStar2","Blue Squadron 5","images/LS/starship.gif","","U","images/starwars/DeathStarII-Light/large/bluesquadron5.gif","/img/DeathStarII-Light/bluesquadron5.gif"
"DeathStar2","Blue Squadron B-wing","images/LS/starship.gif","Deploy -2 to Roche. Permanent pilot provides ability of 2 and adds 1 to power. May fire two or more weapons during battle. Each of its weapon destiny draws is +2.","R","images/starwars/DeathStarII-Light/large/bluesquadronbwing.gif","/img/DeathStarII-Light/bluesquadronbwing.gif"
"DeathStar2","B-wing Attack Squadron","images/LS/starship.gif","* Replaces 3 B-Wings at one location (B-wings go to Used Pile). Permanent pilots provide total ability of 3. Each of its weapon destiny draws is +1.","R","images/starwars/DeathStarII-Light/large/bwingattacksquadron.gif","/img/DeathStarII-Light/bwingattacksquadron.gif"
"DeathStar2","B-wing Bomber","images/LS/starship.gif","May add 1 pilot (suspends permanent pilot). Permanent pilot provides ability of 1. May fire two or more weapons during battle. Each of its ion cannon weapon destiny draws is +3.","C","images/starwars/DeathStarII-Light/large/bwingbomber.gif","/img/DeathStarII-Light/bwingbomber.gif"
"DeathStar2","Defiance","images/LS/starship.gif","May add 5 pilots, 6 passengers, 1 vehicle and 3 starfighters. Has ship-docking capability. Permanent pilot aboard provides ability of 2. Each of it's weapon destiny draws are +2. Capital starships it hits are power -5.","R","images/starwars/DeathStarII-Light/large/defiance.gif","/img/DeathStarII-Light/defiance.gif"
"DeathStar2","Gold Squadron 1","images/LS/starship.gif","","R","images/starwars/DeathStarII-Light/large/goldsquadron1.gif","/img/DeathStarII-Light/goldsquadron1.gif"
"DeathStar2","Gray Squadron 1","images/LS/starship.gif","","U","images/starwars/DeathStarII-Light/large/graysquadron1.gif","/img/DeathStarII-Light/graysquadron1.gif"
"DeathStar2","Gray Squadron 2","images/LS/starship.gif","","U","images/starwars/DeathStarII-Light/large/graysquadron2.gif","/img/DeathStarII-Light/graysquadron2.gif"
"DeathStar2","Green Squadron 1","images/LS/starship.gif","","R","images/starwars/DeathStarII-Light/large/greensquadron1.gif","/img/DeathStarII-Light/greensquadron1.gif"
"DeathStar2","Green Squadron 3","images/LS/starship.gif","","R","images/starwars/DeathStarII-Light/large/greensquadron3.gif","/img/DeathStarII-Light/greensquadron3.gif"
"DeathStar2","Green Squadron A-wing","images/LS/starship.gif","Deploy -1 to Sullust or same system or sector as Green Leader. Permanent pilot provides ability of 2 and adds 2 to power. Power -1 when opponent has a starfighter present with a higher manuever.","R","images/starwars/DeathStarII-Light/large/greensquadronawing.gif","/img/DeathStarII-Light/greensquadronawing.gif"
"DeathStar2","Home One","images/LS/starship.gif","","R","images/starwars/DeathStarII-Light/large/homeone.gif","/img/DeathStarII-Light/homeone.gif"
"DeathStar2","Independence","images/LS/starship.gif","","R","images/starwars/DeathStarII-Light/large/independence.gif","/img/DeathStarII-Light/independence.gif"
"DeathStar2","Liberty","images/LS/starship.gif","May add 5 pilots, 6 passengers, 1 vehicle, and 3 starfighters. Has ship-docking capability. Permanent pilot provides ability of 2. May go to Used Pile instead of Lost Pile when forfeited (unless 'hit').","R","images/starwars/DeathStarII-Light/large/liberty.gif","/img/DeathStarII-Light/liberty.gif"
"DeathStar2","Luminous","images/LS/starship.gif","Deploys and moves like a starfigher. May add 1 pilot and 6 passengers. Has ship-docking capability. Permanent pilot provides ability of 2. May use Covert Landing like a shuttle or starfighter.","U","images/starwars/DeathStarII-Light/large/luminous.gif","/img/DeathStarII-Light/luminous.gif"
"DeathStar2","Masanya","images/LS/starship.gif","Deploys -4 to same system as any non-unique Star Cuiser. May add 3 pilots, 4 passengers and 1 vehicle. Has ship docking capability. Permanent pilot provides ability of 1. Cannot be 'hit' by missiles.","R","images/starwars/DeathStarII-Light/large/masanya.gif","/img/DeathStarII-Light/masanya.gif"
"DeathStar2","Mon Calamari Star Cruiser","images/LS/starship.gif","Deploys only at Mon Calamari or any Rebel Base. May add 5 pilots, 6 passengers, 1 vehicle and 3 starfighters. Has ship-docking capability. Permanent pilot aboard provides ability of 2.","R","images/starwars/DeathStarII-Light/large/moncalamaristarcruiser.gif","/img/DeathStarII-Light/moncalamaristarcruiser.gif"
"DeathStar2","Nebulon-B Frigate","images/LS/starship.gif","May add 4 pilots, 4 passangers, and 2 starfighters. Has ship-docking capability. Permanent pilot provides ability of 1. Turbolaser batteries and laser cannons may deploy aboard for free.","U","images/starwars/DeathStarII-Light/large/nebulonbfrigate.gif","/img/DeathStarII-Light/nebulonbfrigate.gif"
"DeathStar2","Red Squadron 1","images/LS/starship.gif","","R","images/starwars/DeathStarII-Light/large/redsquadron1.gif","/img/DeathStarII-Light/redsquadron1.gif"
"DeathStar2","Red Squadron 4","images/LS/starship.gif","","U","images/starwars/DeathStarII-Light/large/redsquadron4.gif","/img/DeathStarII-Light/redsquadron4.gif"
"DeathStar2","Red Squadron 7","images/LS/starship.gif","May add 1 pilot. Keir Santage deploys -2 aboard. Your other Red Squadron starfighters at same location are manuever +1.","U","images/starwars/DeathStarII-Light/large/redsquadron7.gif","/img/DeathStarII-Light/redsquadron7.gif"
"DeathStar2","Tala 1","images/LS/starship.gif","","R","images/starwars/DeathStarII-Light/large/tala1.gif","/img/DeathStarII-Light/tala1.gif"
"DeathStar2","Tala 2","images/LS/starship.gif","","R","images/starwars/DeathStarII-Light/large/tala2.gif","/img/DeathStarII-Light/tala2.gif"
"DeathStar2","A-wing Cannon","images/LS/weapon.gif","","C","images/starwars/DeathStarII-Light/large/awingcannon.gif","/img/DeathStarII-Light/awingcannon.gif"
"DeathStar2","Concussion Missiles","images/LS/weapon.gif","","C","images/starwars/DeathStarII-Light/large/concussionmissiles.gif","/img/DeathStarII-Light/concussionmissiles.gif"
"DeathStar2","Enhanced Proton Torpedoes","images/LS/weapon.gif","","C","images/starwars/DeathStarII-Light/large/enhancedprotontorpedoes.gif","/img/DeathStarII-Light/enhancedprotontorpedoes.gif"
"DeathStar2","Heavy Turbolaser battery","images/LS/weapon.gif","","C","images/starwars/DeathStarII-Light/large/heavyturbolaserbattery.gif","/img/DeathStarII-Light/heavyturbolaserbattery.gif"
"DeathStar2","Luke's Lightsaber","images/LS/weapon.gif","","R","images/starwars/DeathStarII-Light/large/lukeslightsaber.gif","/img/DeathStarII-Light/lukeslightsaber.gif"
"DeathStar2","Orbital Mine","images/LS/weapon.gif","","C","images/starwars/DeathStarII-Light/large/orbitalmine.gif","/img/DeathStarII-Light/orbitalmine.gif"
"DeathStar2","Battle Deployment","images/DS/admirals_order.gif","At each system where any player does not have both a starfighter and a capital starship present that player's starships there are power -2. At sites related to systems you occupy, during each battle opponent may draw no more than one battle destiny. Once during each of your deploy phases, you may deploy one combat vehicle from Reserve Deck; reshuffle.","R","images/starwars/DeathStarII-Dark/large/battledeployment.gif","/img/DeathStarII-Dark/battledeployment.gif"
"DeathStar2","Fighter Cover","images/DS/admirals_order.gif","Each starfighter that fires a weapon in battle is power +3 for the remainder of battle. Once per turn you may cancel and redraw your starship weapon destiny just drawn. At sites related to systems you occupy, your characters who have immunity to attrition each add 2 to immunity and 1 to each of that character's weapon destiny draws.","R","images/starwars/DeathStarII-Dark/large/fightercover.gif","/img/DeathStarII-Dark/fightercover.gif"
"DeathStar2","Fighters Coming In","images/DS/admirals_order.gif","","R","images/starwars/DeathStarII-Dark/large/fighterscomingin.gif","/img/DeathStarII-Dark/fighterscomingin.gif"
"DeathStar2","Intensify The Forward Batteries","images/DS/admirals_order.gif","Each player, if that player has a capital starship armed with a starship weapon in battle, draws one battle destiny if not able to otherwise and once per battle, may reduce the defense value of one opponent's capital starship present by 4 for remainder of the battle. At sites related to systems you occupy, your non-pilot warriors are deploy -1, defense value +2 and forfeit +1.","R","images/starwars/DeathStarII-Dark/large/intensifytheforwardbatteries.gif","/img/DeathStarII-Dark/intensifytheforwardbatteries.gif"
"DeathStar2","We're In Attack Position Now","images/DS/admirals_order.gif","","R","images/starwars/DeathStarII-Dark/large/wereinattackpositionnow.gif","/img/DeathStarII-Dark/wereinattackpositionnow.gif"
"DeathStar2","Admiral Chiraneau","images/DS/imperial.gif","Adds 3 to power of anything he pilots. When piloting a Star Destroyer at a battleground system, adds 1 to your Force drains here and at each other battleground system controlled by a Star Destroyer within 2 parsecs of Chiraneau.","R","images/starwars/DeathStarII-Dark/large/admiralchiraneau.gif","/img/DeathStarII-Dark/admiralchiraneau.gif"
"DeathStar2","Admiral Piett","images/DS/imperial.gif","Deploys -2 to Executor. Adds 2 to power of anything he pilots (3 if a Star Destroyer). Your capital starships deploy -1 to same system. Once per game, you may take one Admiral's Order or any commander into hand from Reserve Deck; reshuffle.","XR","images/starwars/DeathStarII-Dark/large/admiralpiett.gif","/img/DeathStarII-Dark/admiralpiett.gif"
"DeathStar2","Baron Soontir Fel","images/DS/imperial.gif","Adds 3 to power of anything he pilots. When piloting Saber 1, adds one battle destiny and 2 to maneuver. Adds 1 to your total battle destiny for each of your piloted TIE Interceptors in same battle.","R","images/starwars/DeathStarII-Dark/large/baronsoontirfel.gif","/img/DeathStarII-Dark/baronsoontirfel.gif"
"DeathStar2","Captain Godherdt","images/DS/imperial.gif","Adds 3 to power of any capital starship he pilots. While aboard a Star Destroyer, adds 1 to armor, adds 1 to hyperspeed and, once during each of your move phases, may cancel Landing Claw at same system or sector.","U","images/starwars/DeathStarII-Dark/large/captaingodherdt.gif","/img/DeathStarII-Dark/captaingodherdt.gif"
"DeathStar2","Captain Jonus","images/DS/imperial.gif","Deploys -2 aboard Scimitar 2. Adds 2 to power of anything he pilots. When forfeited from a TIE/sa, also satisfies all remaining attrition and battle damage against you.","U","images/starwars/DeathStarII-Dark/large/captainjonus.gif","/img/DeathStarII-Dark/captainjonus.gif"
"DeathStar2","Captain Sarkli","images/DS/imperial.gif","Adds 2 to power of anything he pilots. While he controls opponent's non-battleground location, opponent generates no Force here. While he occupies opponent's Subjugated system, Liberation is flipped and Local Uprising may not be flipped.","R","images/starwars/DeathStarII-Dark/large/captainsarkli.gif","/img/DeathStarII-Dark/captainsarkli.gif"
"DeathStar2","Captain Yorr","images/DS/imperial.gif","Adds 2 to power of anything he pilots (3 if a starfighter). When piloting a TIE Defender and with Jendon, adds one battle destiny.","U","images/starwars/DeathStarII-Dark/large/captainyorr.gif","/img/DeathStarII-Dark/captainyorr.gif"
"DeathStar2","Colonel Davod Jon","images/DS/imperial.gif","","U","images/starwars/DeathStarII-Dark/large/coloneldavodjon.gif","/img/DeathStarII-Dark/coloneldavodjon.gif"
"DeathStar2","Colonel Jendon","images/DS/imperial.gif","Adds 3 to power and 1 to maneuver of anything he pilots. When piloting Onyx 1, draws one battle destiny if not able to otherwise.","R","images/starwars/DeathStarII-Dark/large/coloneljendon.gif","/img/DeathStarII-Dark/coloneljendon.gif"
"DeathStar2","Commander Merrejk","images/DS/imperial.gif","Adds 2 to power of anything he pilots. When he is present with a Scomp link, once during each of your deploy phases, you may deploy one battleground system from Reserve Deck; reshuffle.","R","images/starwars/DeathStarII-Dark/large/commandermerrejk.gif","/img/DeathStarII-Dark/commandermerrejk.gif"
"DeathStar2","DS-181-3","images/DS/imperial.gif","Adds 2 to power of anything he pilots. When piloting Saber 3, draws one battle destiny if not able to otherwise. Opponent may not 'react' to same system or sector.","U","images/starwars/DeathStarII-Dark/large/ds1813.gif","/img/DeathStarII-Dark/ds1813.gif"
"DeathStar2","DS-181-4","images/DS/imperial.gif","Adds 3 to power of any TIE he pilots. Once during each of your deploy phases, you may take one unique ( �) TIE Interceptor into hand from Reserve Deck; reshuffle.","U","images/starwars/DeathStarII-Dark/large/ds1814.gif","/img/DeathStarII-Dark/ds1814.gif"
"DeathStar2","Emperor Palpatine","images/DS/imperial_jedi.gif","Never deploys or moves (even aboard a starship or vehicle) to a site opponent occupies. Where present, subtracts 3 from attempts to cross Vader over. Once per turn, you may take Force Lightning into hand from Reserve Deck; reshuffle. Immune to attrition.","UR","images/starwars/DeathStarII-Dark/large/emperorpalpatine.gif","/img/DeathStarII-Dark/emperorpalpatine.gif"
"DeathStar2","Janus Greejatus","images/DS/imperial.gif","","R","images/starwars/DeathStarII-Dark/large/janusgreejatus.gif","/img/DeathStarII-Dark/janusgreejatus.gif"
"DeathStar2","Lieutenant Endicott","images/DS/imperial.gif","Deploys -2 to any docking bay or launch bay. While he is at Death Star II: Docking Bay, you may shuttle for free between here and exterior sites related to system Death Star II orbits.","U","images/starwars/DeathStarII-Dark/large/lieutenantendicott.gif","/img/DeathStarII-Dark/lieutenantendicott.gif"
"DeathStar2","Lieutenant Hebsly","images/DS/imperial.gif","Adds 2 to power of anything he pilots. When piloting Scythe 3, once per turn may subtract 1 from maneuver of one opponent's starfighter at same location for remainder of turn.","U","images/starwars/DeathStarII-Dark/large/lieutenanthebsly.gif","/img/DeathStarII-Dark/lieutenanthebsly.gif"
"DeathStar2","Lord Vader","images/DS/imperial.gif","","R","images/starwars/DeathStarII-Dark/large/lordvader.gif","/img/DeathStarII-Dark/lordvader.gif"
"DeathStar2","Major Mianda","images/DS/imperial.gif","Adds 3 to power of any TIE he pilots. Adds 2 to total weapon destiny of any TIE/ln he pilots.","U","images/starwars/DeathStarII-Dark/large/majormianda.gif","/img/DeathStarII-Dark/majormianda.gif"
"DeathStar2","Major Rhymer","images/DS/imperial.gif","Deploys -2 aboard Scimitar 1. Adds 2 to power of anything he pilots. When piloting a bomber making a Bombing Run, prevents opponent's characters at same site from using landspeed.","U","images/starwars/DeathStarII-Dark/large/majorrhymer.gif","/img/DeathStarII-Dark/majorrhymer.gif"
"DeathStar2","Major Turr Phennir","images/DS/imperial.gif","Adds 3 to power of any TIE he pilots. When piloting Saber 2, draws one battle destiny if not able to otherwise. Once per game, you may take Fighters Coming In into hand from Reserve Deck; reshuffle.","U","images/starwars/DeathStarII-Dark/large/majorturrphennir.gif","/img/DeathStarII-Dark/majorturrphennir.gif"
"DeathStar2","Moff Jerjerrod","images/DS/imperial.gif","Adds 2 to power of any capital starship he pilots. Once during each of your turns, you may take one Death Star II sector or Superlaser Mark II into hand from Reserve Deck; reshuffle. Prevents opponent's spies from deploying to same Death Star II site.","R","images/starwars/DeathStarII-Dark/large/moffjerjerrod.gif","/img/DeathStarII-Dark/moffjerjerrod.gif"
"DeathStar2","Myn Kyneugh","images/DS/imperial.gif","Deploys only on Coruscant or to Emperor's site (or related site). When armed with a Force pike, adds one battle destiny. Your troopers and Royal Guards may 'react' to here for free. Adds 1 to defense value of other Royal Guards at same and related sites.","R","images/starwars/DeathStarII-Dark/large/mynkyneugh.gif","/img/DeathStarII-Dark/mynkyneugh.gif"
"DeathStar2","Royal Guard","images/DS/imperial.gif","Deploys only on Coruscant or to Emperor's site (or related site). When armed with a Force pike and defending a battle, adds one battle destiny. Emperor may not be targeted by weapons unless all Royal Guards present with Emperor are 'hit'.","C","images/starwars/DeathStarII-Dark/large/royalguard.gif","/img/DeathStarII-Dark/royalguard.gif"
"DeathStar2","Sim Aloo","images/DS/imperial.gif","","R","images/starwars/DeathStarII-Dark/large/simaloo.gif","/img/DeathStarII-Dark/simaloo.gif"
"DeathStar2","Combat Response","images/DS/effect.gif","Deploy on table. During your deploy phase, you may reveal one unpiloted starfighter from hand to takes its matching pilot character from Reserve Deck (or vice versa) and deploy both simultaneously; reshuffle. (Immune to Alter.)","C","images/starwars/DeathStarII-Dark/large/combatresponse.gif","/img/DeathStarII-Dark/combatresponse.gif"
"DeathStar2","Desperate Counter","images/DS/effect.gif","Deploy on Death Star II system. When opponent moves from a related sector, for each TIE armed with a weapon there, movement destiny is -3 (limit -9). Also, you may deploy either Combat Response or Imperial Arrest Order from Reserve Deck; reshuffle. (Immune to Alter.)","C","images/starwars/DeathStarII-Dark/large/desperatecounter.gif","/img/DeathStarII-Dark/desperatecounter.gif"
"DeathStar2","Emperor's Power","images/DS/effect.gif","Deploy on your Throne Room. You may not Force drain here. While Emperor here, opponent's characters are deploy +2 to Death Star II sites and, one per turn, you may lose Effect (or 1 Force from top of Reserve Deck) to add one battle destiny anywhere. (Immune to Alter.)","U","images/starwars/DeathStarII-Dark/large/emperorspower.gif","/img/DeathStarII-Dark/emperorspower.gif"
"DeathStar2","Endor Shield","images/DS/effect.gif","Deploy on Bunker. Imperials deploy -1 here while Death Star II system orbits Endor and you control Bunker. At Death Star II system and each Death Star site opponent may not deploy and must use +3 Force to move there.","U","images/starwars/DeathStarII-Dark/large/endorshield.gif","/img/DeathStarII-Dark/endorshield.gif"
"DeathStar2","Flagship Operations","images/DS/effect.gif","Deploy on any Star Destroyer if at least 5 Executor sites on table. Your TIEs are deploy -1, forfeit +2 and destiny +2. At systems where you have a TIE, your Imperial capital starships are deploy -3 and your battle destiny draws are +1 each. (If on Executor, immune to Alter.)","R","images/starwars/DeathStarII-Dark/large/flagshipoperations.gif","/img/DeathStarII-Dark/flagshipoperations.gif"
"DeathStar2","Inconsequential Losses","images/DS/effect.gif","Deploy on table. Each turn, each of your characters, vehicles, and starships may forfeit one of its weapons (except a lightsaber) using forfeit value = 3. Also, your forfeited weapons go to Used Pile. (Immune to Alter.)","C","images/starwars/DeathStarII-Dark/large/inconsequentiallosses.gif","/img/DeathStarII-Dark/inconsequentiallosses.gif"
"DeathStar2","Insignificant Rebellion","images/DS/effect.gif","Use 2 Force to deploy on table. Each time you win a battle, opponent loses 1 Force (cannot be reduced) and stacks lost card here face down. When attempting to cross Luke over (except with Epic Duel), add 3 to total destiny for each card in stack. (Immune to Alter.)","U","images/starwars/DeathStarII-Dark/large/insignificantrebellion.gif","/img/DeathStarII-Dark/insignificantrebellion.gif"
"DeathStar2","Leave Them To Me","images/DS/effect.gif","Deploy on table. While you occupy a 'Subjugated' planet location, operatives are forfeit = 0, operatives do not add to Force drains and your Force drains may not be reduced. At any time, you may place Effect out of play to retrieve 1 Force.","C","images/starwars/DeathStarII-Dark/large/leavethemtome.gif","/img/DeathStarII-Dark/leavethemtome.gif"
"DeathStar2","Mobilization Points","images/DS/effect.gif","Deploy on table. Your Force generation is +1 at each docking bay you occupy (or +2 if you control). Once per game, you may take one Carida, Wakeelmui, Gall, Kuat or Rendili system or Executor into hand from Reserve Deck; reshuffle. (Immune to Alter.)","C","images/starwars/DeathStarII-Dark/large/mobilizationpoints.gif","/img/DeathStarII-Dark/mobilizationpoints.gif"
"DeathStar2","Overseeing It Personally","images/DS/effect.gif","Deploy on Emperor. While at a battleground planet site you control, at each related site where an Imperial is present, your Force drains are +1.","R","images/starwars/DeathStarII-Dark/large/overseeingitpersonally.gif","/img/DeathStarII-Dark/overseeingitpersonally.gif"
"DeathStar2","Royal Escort","images/DS/effect.gif","Deploy on table. Each of your non-unique troopers on Endor or Death Star II is forfeit +1. When opponent just used a weapon to target your character aboard a piloted vehicle, that character may use that vehicle's defense value.","C","images/starwars/DeathStarII-Dark/large/royalescort.gif","/img/DeathStarII-Dark/royalescort.gif"
"DeathStar2","Something Special Planned For Them","images/DS/effect.gif","Deploy on table. For opponent to move a starship from same location as your Star Destroyer requires +2 Force. Also, when opponent has just retrieved Force using an Interrupt or Utinni Effect card, that card is placed out of play. (Immune to Alter.)","C","images/starwars/DeathStarII-Dark/large/somethingspecialplannedforthem.gif","/img/DeathStarII-Dark/somethingspecialplannedforthem.gif"
"DeathStar2","You Cannot Hide Forever","images/DS/effect.gif","Deploy on table. Opponent's Jedi are defense value -1. Never Tell Me The Odds is canceled. You may place Effect in Lost Pile to take one [Endor] or [Death Star II] Effect that deploys for free into hand from Reserve Deck; reshuffle. (Immune to Alter.)","U","images/starwars/DeathStarII-Dark/large/youcannothideforever.gif","/img/DeathStarII-Dark/youcannothideforever.gif"
"DeathStar2","Your Destiny","images/DS/effect.gif","Deploy on Bring Him Before Me. When Vader is present at a battleground site, at start of your turn opponent loses 3 Force unless Luke is captured, out of play, or present at a battleground site. Also, Luke is immune to Responsibility Of Command. (Immune to Alter.)","C","images/starwars/DeathStarII-Dark/large/yourdestiny.gif","/img/DeathStarII-Dark/yourdestiny.gif"
"DeathStar2","That Thing's Operational","images/DS/epic_event.gif","","R","images/starwars/DeathStarII-Dark/large/thatthingsoperational.gif","/img/DeathStarII-Dark/thatthingsoperational.gif"
"DeathStar2","Force Lightning","images/DS/interrupt.gif","","R","images/starwars/DeathStarII-Dark/large/forcelightning.gif","/img/DeathStarII-Dark/forcelightning.gif"
"DeathStar2","Imperial Command","images/DS/interrupt.gif","Take one admiral or general into hand from Reserve Deck; reshuffle. OR If your admiral is in battle at a system (or your general is in battle at a site), you may either add one battle destiny or prevent opponent from drawing more than one battle destiny.","R","images/starwars/DeathStarII-Dark/large/imperialcommand.gif","/img/DeathStarII-Dark/imperialcommand.gif"
"DeathStar2","Operational As Planned","images/DS/interrupt.gif","USED: Place one card from hand on top of Force Pile.STARTING: If Endor system on table, take Death Star II system, Jerjerrod and any Effect into hand from Reserve Deck. When you draw your starting hand, draw only six more cards. Place Interrupt in Lost Pile.","C","images/starwars/DeathStarII-Dark/large/operationalasplanned.gif","/img/DeathStarII-Dark/operationalasplanned.gif"
"DeathStar2","Prepared Defenses","images/DS/interrupt.gif","USED: Add 1 to your battle destiny just drawn.STARTING: Deploy up to three Effects if each of them deploys for free, is always immune to Alter and has 'deploy on table' (or 'deploy on your side of table') in its game text. Place Interrupt in Lost Pile.","C","images/starwars/DeathStarII-Dark/large/prepareddefenses.gif","/img/DeathStarII-Dark/prepareddefenses.gif"
"DeathStar2","Rise, My Friend","images/DS/interrupt.gif","If Emperor on Death Star II, take Vader into hand from a location you control (cards on him go to owner's hand). OR During your control phase, if Vader escorting Luke or Leia at a site you control, relocate Vader (with captive) to Death Star II: Docking Bay. (Immune to Sense.)","R","images/starwars/DeathStarII-Dark/large/risemyfriend.gif","/img/DeathStarII-Dark/risemyfriend.gif"
"DeathStar2","Young Fool","images/DS/interrupt.gif","If opponent's character present with Emperor was just lost, lose 1 Force to place that character out of play. OR Release frozen Luke at your Throne Room (Luke may not be battled until end of your next turn) OR Cancel NOOOOOOOOOOOO!","R","images/starwars/DeathStarII-Dark/large/youngfool.gif","/img/DeathStarII-Dark/youngfool.gif"
"DeathStar2","Death Star II","images/DS/system.gif","","R","images/starwars/DeathStarII-Dark/large/deathstarii.gif","/img/DeathStarII-Dark/deathstarii.gif"
"DeathStar2","Death Star II: Capacitors","images/DS/sector.gif","","C","images/starwars/DeathStarII-Dark/large/deathstariicapacitors.gif","/img/DeathStarII-Dark/deathstariicapacitors.gif"
"DeathStar2","Death Star II: Coolant Shaft","images/DS/sector.gif","","C","images/starwars/DeathStarII-Dark/large/deathstariicoolantshaft.gif","/img/DeathStarII-Dark/deathstariicoolantshaft.gif"
"DeathStar2","Death Star II: Docking Bay","images/DS/site.gif","","C","images/starwars/DeathStarII-Dark/large/deathstariidockingbay.gif","/img/DeathStarII-Dark/deathstariidockingbay.gif"
"DeathStar2","Death Star II: Reactor Core","images/DS/sector.gif","","C","images/starwars/DeathStarII-Dark/large/deathstariireactorcore.gif","/img/DeathStarII-Dark/deathstariireactorcore.gif"
"DeathStar2","Death Star II: Throne Room","images/DS/site.gif","","R","images/starwars/DeathStarII-Dark/large/deathstariithroneroom.gif","/img/DeathStarII-Dark/deathstariithroneroom.gif"
"DeathStar2","Gall","images/DS/system.gif","","C","images/starwars/DeathStarII-Dark/large/gall.gif","/img/DeathStarII-Dark/gall.gif"
"DeathStar2","Mon Calamari","images/DS/system.gif","","C","images/starwars/DeathStarII-Dark/large/moncalamari.gif","/img/DeathStarII-Dark/moncalamari.gif"
"DeathStar2","Sullust","images/DS/system.gif","","C","images/starwars/DeathStarII-Dark/large/sullust.gif","/img/DeathStarII-Dark/sullust.gif"
"DeathStar2","Bring Him Before MeTake Your Father's Place","images/DS/objective.gif","","R","images/starwars/DeathStarII-Dark/large/bringhimbeforeme.gif","/img/DeathStarII-Dark/bringhimbeforeme.gif"
"DeathStar2","Accuser","images/DS/starship.gif","May deploy -3 as a 'react'. May add 6 pilots, 8 passengers, 2 vehicles and 4 TIEs. Has ship-docking capability. Permanent pilot provides ability of 1.","R","images/starwars/DeathStarII-Dark/large/accuser.gif","/img/DeathStarII-Dark/accuser.gif"
"DeathStar2","Black 11","images/DS/starship.gif","Deploy -1 to any mobile system. Permanent pilot provides ability of 2. When with Vader in battle, may draw destiny and subtract that amount from opponent's total power.","R","images/starwars/DeathStarII-Dark/large/black11.gif","/img/DeathStarII-Dark/black11.gif"
"DeathStar2","Chimaera","images/DS/starship.gif","","R","images/starwars/DeathStarII-Dark/large/chimaera.gif","/img/DeathStarII-Dark/chimaera.gif"
"DeathStar2","Dominator","images/DS/starship.gif","May add 4 pilots, 6 passengers, 1 vehicle and 2 TIEs. Has ship-docking capability. Permanent pilot provides ability of 2. Laser Cannon Battery may deploy aboard (and may fire twice per battle).","R","images/starwars/DeathStarII-Dark/large/dominator.gif","/img/DeathStarII-Dark/dominator.gif"
"DeathStar2","Emperor's Personal Shuttle","images/DS/starship.gif","May add 1 pilot and 4 passengers. Permanent pilot provides ability 2. Emperor deploys for free aboard. While Emperor aboard, immune to attrition and adds one battle destiny.","R","images/starwars/DeathStarII-Dark/large/emperorspersonalshuttle.gif","/img/DeathStarII-Dark/emperorspersonalshuttle.gif"
"DeathStar2","Flagship Executor","images/DS/starship.gif","May add unlimited pilots, passengers and starfighters. Has ship-docking capability. Permanent pilot provides abiity of 3. Immune to attrition if target of Flagship Operations.","R","images/starwars/DeathStarII-Dark/large/flagshipexecutor.gif","/img/DeathStarII-Dark/flagshipexecutor.gif"
"DeathStar2","Judicator","images/DS/starship.gif","May add 6 pilots, 8 passengers, 2 vehicles and 4 TIEs. Has ship-docking capability. Permanent pilot provides ability of 1. Each of its weapon destiny draws is +2. Starfighters it 'hits' are power = 0.","R","images/starwars/DeathStarII-Dark/large/judicator.gif","/img/DeathStarII-Dark/judicator.gif"
"DeathStar2","Obsidian 10","images/DS/starship.gif","May deploy with a pilot as a 'react' to any asteroid sector or cloud sector. May add one pilot. OS-72-10 deploys -2 aboard.","U","images/starwars/DeathStarII-Dark/large/obsidian10.gif","/img/DeathStarII-Dark/obsidian10.gif"
"DeathStar2","Onyx 1","images/DS/starship.gif","","R","images/starwars/DeathStarII-Dark/large/onyx1.gif","/img/DeathStarII-Dark/onyx1.gif"
"DeathStar2","Onyx 2","images/DS/starship.gif","","U","images/starwars/DeathStarII-Dark/large/onyx2.gif","/img/DeathStarII-Dark/onyx2.gif"
"DeathStar2","Saber 1","images/DS/starship.gif","","R","images/starwars/DeathStarII-Dark/large/saber1.gif","/img/DeathStarII-Dark/saber1.gif"
"DeathStar2","Saber 2","images/DS/starship.gif","","U","images/starwars/DeathStarII-Dark/large/saber2.gif","/img/DeathStarII-Dark/saber2.gif"
"DeathStar2","Saber 3","images/DS/starship.gif","","U","images/starwars/DeathStarII-Dark/large/saber3.gif","/img/DeathStarII-Dark/saber3.gif"
"DeathStar2","Saber 4","images/DS/starship.gif","","U","images/starwars/DeathStarII-Dark/large/saber4.gif","/img/DeathStarII-Dark/saber4.gif"
"DeathStar2","Scimitar 1","images/DS/starship.gif","May add 1 pilot. Power +3 during a Bombing Run battle. When proton bombs aboard 'collapse' a site, opponent loses 1 Force for each rebel just lost.","U","images/starwars/DeathStarII-Dark/large/scimitar1.gif","/img/DeathStarII-Dark/scimitar1.gif"
"DeathStar2","Scimitar 2","images/DS/starship.gif","May add 1 pilot. Power +3 during a Bombing Run battle. Once per game, you may deploy one Proton Bombs from Reserve Deck on this starfighter; reshuffle.","U","images/starwars/DeathStarII-Dark/large/scimitar2.gif","/img/DeathStarII-Dark/scimitar2.gif"
"DeathStar2","Scimitar Squadron TIE","images/DS/starship.gif","Permanent pilot provides ability of 2. Power +3 during a Bombing Run battle. Cumulatively adds 1 to total weapon destiny of your other TIE/sa present firing Concussion Missiles.","C","images/starwars/DeathStarII-Dark/large/scimitarsquadrontie.gif","/img/DeathStarII-Dark/scimitarsquadrontie.gif"
"DeathStar2","Scythe 1","images/DS/starship.gif","","U","images/starwars/DeathStarII-Dark/large/scythe1.gif","/img/DeathStarII-Dark/scythe1.gif"
"DeathStar2","Scythe 3","images/DS/starship.gif","","U","images/starwars/DeathStarII-Dark/large/scythe3.gif","/img/DeathStarII-Dark/scythe3.gif"
"DeathStar2","Scythe Squadron TIE","images/DS/starship.gif","Deploy -2 to Death Star II or Endor. Permanent pilot provides ability of 2 add adds 1 to power and maneuver.","C","images/starwars/DeathStarII-Dark/large/scythesquadrontie.gif","/img/DeathStarII-Dark/scythesquadrontie.gif"
"DeathStar2","The Emperor's Shield","images/DS/starship.gif","Deploys -2 to Endor, Death Star II or same location as Thrawn. May deploy as a 'react'. Permanent pilots provide total ability of 3. Power +3 at Endor or when Emperor is at same or related location.","R","images/starwars/DeathStarII-Dark/large/theemperorsshield.gif","/img/DeathStarII-Dark/theemperorsshield.gif"
"DeathStar2","The Emperor's Sword","images/DS/starship.gif","Deploys -2 to Coruscant or Death Star II. May deploy as a 'react'. Permanent pilots provide total ability of 3. Power +3 at Coruscant or when Emperor is at same or related location.","R","images/starwars/DeathStarII-Dark/large/theemperorssword.gif","/img/DeathStarII-Dark/theemperorssword.gif"
"DeathStar2","Thunderflare","images/DS/starship.gif","May add 6 pilots, 8 passengers, 2 vehicles and 4 TIEs. Has ship-docking capability. Permanent pilot aboard provides ability of 1. Turbolaser Batteries deploy and fire free here.","R","images/starwars/DeathStarII-Dark/large/thunderflare.gif","/img/DeathStarII-Dark/thunderflare.gif"
"DeathStar2","TIE Interceptor","images/DS/starship.gif","Permanent pilot provides ability of 1. Power +1 when present with an X-wing. During each battle, may fire one starship weapon aboard twice.","C","images/starwars/DeathStarII-Dark/large/tieinterceptor.gif","/img/DeathStarII-Dark/tieinterceptor.gif"
"DeathStar2","Visage","images/DS/starship.gif","May deploy even with out presence or Force icons (except to Rendezvous Point).  May add 6 pilots, 8 passengers, 2 vehicles and 4 TIEs.  Has ship-docking capability.  Permanent pilot provides ability of 1.","R","images/starwars/DeathStarII-Dark/large/visage.gif","/img/DeathStarII-Dark/visage.gif"
"DeathStar2","Concussion Missiles","images/DS/weapon.gif","","C","images/starwars/DeathStarII-Dark/large/concussionmissiles.gif","/img/DeathStarII-Dark/concussionmissiles.gif"
"DeathStar2","Darth Vader's Lightsaber","images/DS/weapon.gif","","R","images/starwars/DeathStarII-Dark/large/darthvaderslightsaber.gif","/img/DeathStarII-Dark/darthvaderslightsaber.gif"
"DeathStar2","Force Pike","images/DS/weapon.gif","","C","images/starwars/DeathStarII-Dark/large/forcepike.gif","/img/DeathStarII-Dark/forcepike.gif"
"DeathStar2","Heavy Turbolaser Battery","images/DS/weapon.gif","","C","images/starwars/DeathStarII-Dark/large/heavyturbolaserbattery.gif","/img/DeathStarII-Dark/heavyturbolaserbattery.gif"
"DeathStar2","SFS L-s7.2 TIE Cannon","images/DS/weapon.gif","","C","images/starwars/DeathStarII-Dark/large/sfsls72tiecannon.gif","/img/DeathStarII-Dark/sfsls72tiecannon.gif"
"DeathStar2","Superlaser Mark II","images/DS/weapon.gif","","U","images/starwars/DeathStarII-Dark/large/superlasermarkii.gif","/img/DeathStarII-Dark/superlasermarkii.gif"
