"Endor","Captain Yutani","images/LS/rebel.gif","Once during each of your deploy phases, may deploy one artillery weapon or Portable Fusion Generator to same site from Reserve Deck; reshuffle. May move Medium Repeating Blaster Cannon by himself (for free).","U","images/starwars/Endor-Light/large/captainyutani.gif","/img/Endor-Light/captainyutani.gif"
"Endor","Chewbacca Of Kashyyyk","images/LS/rebel.gif","Deploys -2 on Endor. Adds 2 to power of anything he pilots. When targeted by a weapon, may 'roar' (defense value = 4). When on Endor during your deploy phase, may deploy Lumat and/or Wuta for free here from Reserve Deck; reshuffle.","R","images/starwars/Endor-Light/large/chewbaccaofkashyyyk.gif","/img/Endor-Light/chewbaccaofkashyyyk.gif"
"Endor","Chief Chirpa","images/LS/alien.gif","Deploys only on Endor. Power and forfeit +1 for each Light side icon at same Endor site. Once during each of your deploy phases, may deploy one non-unique Ewok to same Endor site from Reserve Deck; reshuffle.","R","images/starwars/Endor-Light/large/chiefchirpa.gif","/img/Endor-Light/chiefchirpa.gif"
"Endor","Corporal Beezer","images/LS/rebel.gif","","U","images/starwars/Endor-Light/large/corporalbeezer.gif","/img/Endor-Light/corporalbeezer.gif"
"Endor","Corporal Delevar","images/LS/rebel.gif","Prevents your characters from having their forfeit reduced at same location (and at Hoth sites if Delevar is at Echo Med Lab). When with your FX droid, once per turn allows your character just forfeited from same site to be placed in Used Pile.","U","images/starwars/Endor-Light/large/corporaldelevar.gif","/img/Endor-Light/corporaldelevar.gif"
"Endor","Corporal Janse","images/LS/rebel.gif","When firing a character weapon, adds 1 to each weapon destiny draw. When Janse fires an A280 Sharpshooter Rifle at a character at an adjacent site and is using Sorry About The Mess, it is a Used Interrupt.","U","images/starwars/Endor-Light/large/corporaljanse.gif","/img/Endor-Light/corporaljanse.gif"
"Endor","Corporal Kensaric","images/LS/rebel.gif","When present at an exterior site battleground site with your other scout, adds 2 (or 1 if Goo Nee Tay on table) to deploy cost of opponent's characters, vehicles and starships to same site.","R","images/starwars/Endor-Light/large/corporalkensaric.gif","/img/Endor-Light/corporalkensaric.gif"
"Endor","Daughter Of Skywalker","images/LS/rebel.gif","","R","images/starwars/Endor-Light/large/daughterofskywalker.gif","/img/Endor-Light/daughterofskywalker.gif"
"Endor","Dresselian Commando","images/LS/rebel.gif","","C","images/starwars/Endor-Light/large/dresseliancommando.gif","/img/Endor-Light/dresseliancommando.gif"
"Endor","Endor Scout Trooper","images/LS/rebel.gif","","C","images/starwars/Endor-Light/large/endorscouttrooper.gif","/img/Endor-Light/endorscouttrooper.gif"
"Endor","Ewok Sentry","images/LS/alien.gif","Deploys only on Endor. Power and forfeit +1 for each Light side icon at same Endor site. May deploy as a 'react'. May move as a 'react' (for free) to a battle where you have a unique (�) Ewok.","C","images/starwars/Endor-Light/large/ewoksentry.gif","/img/Endor-Light/ewoksentry.gif"
"Endor","Ewok Spearman","images/LS/alien.gif","Deploys only on Endor. Power and forfeit +1 for each Light side icon at same Endor site. When on Endor and present with any other Ewok, draws one battle destiny if not able to otherwise.","C","images/starwars/Endor-Light/large/ewokspearman.gif","/img/Endor-Light/ewokspearman.gif"
"Endor","Ewok Tribesman","images/LS/alien.gif","","C","images/starwars/Endor-Light/large/ewoktribesman.gif","/img/Endor-Light/ewoktribesman.gif"
"Endor","General Crix Madine","images/LS/rebel.gif","","R","images/starwars/Endor-Light/large/generalcrixmadine.gif","/img/Endor-Light/generalcrixmadine.gif"
"Endor","General Solo","images/LS/rebel.gif","","R","images/starwars/Endor-Light/large/generalsolo.gif","/img/Endor-Light/generalsolo.gif"
"Endor","Graak","images/LS/alien.gif","Deploys only on Endor. Power and forfeit +1 for each Light side icon at same Endor site. When opponent is losing Force from Force drains at same or adjacent Endor site, lost Force must come from Reserve Deck if possible.","R","images/starwars/Endor-Light/large/graak.gif","/img/Endor-Light/graak.gif"
"Endor","Kazak","images/LS/alien.gif","Deploys only on Endor. Power and forfeit +1 for each Light side icon at same Endor site. When present at an Endor site, adds 1 to your Force drains at each Endor site where another of your Ewoks is present.","R","images/starwars/Endor-Light/large/kazak.gif","/img/Endor-Light/kazak.gif"
"Endor","Lieutenant Greeve","images/LS/rebel.gif","Adds 1 to each of his character weapon destiny draws (characters he 'hits' are forfeit -3). When firing an A280 Sharpshooter Rifle, may fire repeatedly at same target for 2 Force each time.","R","images/starwars/Endor-Light/large/lieutenantgreeve.gif","/img/Endor-Light/lieutenantgreeve.gif"
"Endor","Lieutenant Page","images/LS/rebel.gif","Adds 1 to each of your battle destiny draws when with Derlin, Cracken or Madine at a site (or when with at least two of your other scouts at an exterior planet site). Your Rebel scouts deploy -1 to same exterior site (except Rebel Landing Site).","R","images/starwars/Endor-Light/large/lieutenantpage.gif","/img/Endor-Light/lieutenantpage.gif"
"Endor","Logray","images/LS/alien.gif","Deploys only on Endor. Power and forfeit +1 for each Light side icon at same Endor site. When on Endor, adds 1 to total battle destiny wherever you have any Ewok at an Endor site.","R","images/starwars/Endor-Light/large/logray.gif","/img/Endor-Light/logray.gif"
"Endor","Lumat","images/LS/alien.gif","Deploys only on Endor. Power and forfeit +1 for each Light side icon at same Endor site. When on Endor, adds 1 to total weapon destiny whenever you have any Ewok using an Ewok weapon at an Endor site.","U","images/starwars/Endor-Light/large/lumat.gif","/img/Endor-Light/lumat.gif"
"Endor","Mon Mothma","images/LS/rebel.gif","While at your war room, subtracts 1 from each opponent's battle destiny at all system locations and adds 2 to forfeit of all non-unique rebels. During your deploy phase, may deploy one non-unique Rebel from Reserve Deck and reshuffle.","R","images/starwars/Endor-Light/large/monmothma.gif","/img/Endor-Light/monmothma.gif"
"Endor","Orrimaarko","images/LS/rebel.gif","","R","images/starwars/Endor-Light/large/orrimaarko.gif","/img/Endor-Light/orrimaarko.gif"
"Endor","Paploo","images/LS/alien.gif","Deploys only on Endor. Power and forfeit +1 for each light side icon at same Endor site. May pilot only speeder bikes. Once during each of your control phases, may take one Free Ride into hand from Reserve Deck; reshuffle.","U","images/starwars/Endor-Light/large/paploo.gif","/img/Endor-Light/paploo.gif"
"Endor","Rabin","images/LS/alien.gif","Deploys only on Endor. Power and forfeit +1 for each Light side icon at same Endor site. Where present, may substitute for a character just selected to be attacked by a creature. When attacking or being attacked, power +2 and may add one destiny.","U","images/starwars/Endor-Light/large/rabin.gif","/img/Endor-Light/rabin.gif"
"Endor","Romba","images/LS/alien.gif","Deploys only on Endor. Power and forfeit +1 for each Light side icon at same Endor site. When on Endor, adds 1 to your Force generation at each Endor site with an Ewok present.","R","images/starwars/Endor-Light/large/romba.gif","/img/Endor-Light/romba.gif"
"Endor","Sergeant Brooks Carlson","images/LS/rebel.gif","Landspeed=2. Allows your other scouts present at same exterior site to move with him (using landspeed=2) for free. Adds 1 to immunity to attrition of all your scouts present at same exterior site who have immunity.","R","images/starwars/Endor-Light/large/sergeantbrookscarlson.gif","/img/Endor-Light/sergeantbrookscarlson.gif"
"Endor","Sergeant Bruckman","images/LS/rebel.gif","When opponent has just initiated a battle at same exterior site and all your ability here is provided by scouts, may reveal top card of Reserve Deck. If that card is a scout, may deploy it here for free (otherwise, replace on top of Reserve Deck).","R","images/starwars/Endor-Light/large/sergeantbruckman.gif","/img/Endor-Light/sergeantbruckman.gif"
"Endor","Sergeant Junkin","images/LS/rebel.gif","When at Bunker, adds 1 to Deactivate The Shield Generator total for each Explosive Charge here. When Junkin uses a Concussion Grenade, all your characters are immune to that grenade and you may add or subtract 1 from weapon destiny draw.","U","images/starwars/Endor-Light/large/sergeantjunkin.gif","/img/Endor-Light/sergeantjunkin.gif"
"Endor","Teebo","images/LS/alien.gif","Deploys only on Endor. Power and forfeit +1 for each [Light Side] icon at same Endor site. While on Endor, adds 1 (or 2 if present with Logray) to forfeit of each of your Ewoks at Endor sites.","R","images/starwars/Endor-Light/large/teebo.gif","/img/Endor-Light/teebo.gif"
"Endor","Threepio","images/LS/droid.gif","Deploys -2 on Endor. Adds 1 to attrition against opponent for each Ewok in battle at same site. If just lost from table during battle, may go to Used Pile. At same and related sites, Cloud city icon, Jabba's Palace icon, and Endor icon characters are immune to Bad Feeling Have I.","R","images/starwars/Endor-Light/large/threepio.gif","/img/Endor-Light/threepio.gif"
"Endor","Wicket","images/LS/alien.gif","","R","images/starwars/Endor-Light/large/wicket.gif","/img/Endor-Light/wicket.gif"
"Endor","Wuta","images/LS/alien.gif","Deploys only on Endor. Power and forfeit +1 for each [Light Side Force] icon at same Endor site. Once during each of your deploy phases, if at an exterior Endor site, may use 2 Force to deploy an Endor site from Reserve Deck; reshuffle.","U","images/starwars/Endor-Light/large/wuta.gif","/img/Endor-Light/wuta.gif"
"Endor","Aim High","images/LS/effect.gif","Deploy on table. When you fire two weapons (except lightsabers) in a battle, your total power is +5. Also, whenever opponent retrieves X cards, opponent must first use X Force or that retrieval is canceled. (Immune to Alter.)","R","images/starwars/Endor-Light/large/aimhigh.gif","/img/Endor-Light/aimhigh.gif"
"Endor","Battle Plan","images/LS/effect.gif","Deploy on table. You may initiate battles for free. Also, for either player to initiate a Force drain, that player must first use 3 Force unless that player occupies a battleground site (except a holosite) and a battleground system. (Immune to Alter.)","U","images/starwars/Endor-Light/large/battleplan.gif","/img/Endor-Light/battleplan.gif"
"Endor","Commando Training","images/LS/effect.gif","Deploy on your side of table. Each of your non-unique Rebels armed with a non-unique blaster is forfeit +2, adds 1 to his total weapon destiny and, where present, cumulatively adds 1 to total battle destiny. (Immune to Alter while your non-unique blaster is on table.)","C","images/starwars/Endor-Light/large/commandotraining.gif","/img/Endor-Light/commandotraining.gif"
"Endor","Count Me In","images/LS/effect.gif","Deploy on Leia if That's One is on table. I Know is a Used Interrupt. Once per battle, when Leia is battling with Han and Chewie and you are about to draw a card for battle or weapon destiny, you may instead use Leia's ability number.","R","images/starwars/Endor-Light/large/countmein.gif","/img/Endor-Light/countmein.gif"
"Endor","I Hope She's All Right","images/LS/effect.gif","","U","images/starwars/Endor-Light/large/ihopeshesallright.gif","/img/Endor-Light/ihopeshesallright.gif"
"Endor","I Wonder Who They Found","images/LS/effect.gif","","U","images/starwars/Endor-Light/large/iwonderwhotheyfound.gif","/img/Endor-Light/iwonderwhotheyfound.gif"
"Endor","Insurrection","images/LS/effect.gif","","U","images/starwars/Endor-Light/large/insurrection.gif","/img/Endor-Light/insurrection.gif"
"Endor","That's One","images/LS/effect.gif","","R","images/starwars/Endor-Light/large/thatsone.gif","/img/Endor-Light/thatsone.gif"
"Endor","Wokling","images/LS/effect.gif","Use 2 Force to deploy on an Endor site where you have an Ewok.  Moves like a character.  Adds one [Light Side Force] icon while your Ewok is present.  Effect lost if you initiate a battle here or opponent controls this location.","R","images/starwars/Endor-Light/large/wokling.gif","/img/Endor-Light/wokling.gif"
"Endor","Deactivate The Shield Generator","images/LS/epic_event.gif","","R","images/starwars/Endor-Light/large/deactivatetheshieldgenerator.gif","/img/Endor-Light/deactivatetheshieldgenerator.gif"
"Endor","Careful Planning","images/LS/interrupt.gif","","C","images/starwars/Endor-Light/large/carefulplanning.gif","/img/Endor-Light/carefulplanning.gif"
"Endor","Covert Landing","images/LS/interrupt.gif","USED: If your shuttle (including a shuttle vehicle) is in battle, add one battle destiny.LOST: If your starfighter just landed at a site where opponent has no presence, deploy scouts (and weapons on those scouts) aboard it (capacity permitting) from Reserve Deck; reshuffle.","U","images/starwars/Endor-Light/large/covertlanding.gif","/img/Endor-Light/covertlanding.gif"
"Endor","Endor Celebration","images/LS/interrupt.gif","Cancel Tatooine Occupation, Cloud City Occupation or Rebel Base Occupation. (Immune to Sense.) OR During your activate phase, activate 1 Force for each Endor battleground you occupy.","R","images/starwars/Endor-Light/large/endorcelebration.gif","/img/Endor-Light/endorcelebration.gif"
"Endor","Ewok And Roll","images/LS/interrupt.gif","","C","images/starwars/Endor-Light/large/ewokandroll.gif","/img/Endor-Light/ewokandroll.gif"
"Endor","Ewok Log Jam","images/LS/interrupt.gif","","C","images/starwars/Endor-Light/large/ewoklogjam.gif","/img/Endor-Light/ewoklogjam.gif"
"Endor","Ewok Rescue","images/LS/interrupt.gif","","C","images/starwars/Endor-Light/large/ewokrescue.gif","/img/Endor-Light/ewokrescue.gif"
"Endor","Firefight","images/LS/interrupt.gif","During a battle, if you have weapons at both sites adjacent to that battle, add 3 to your total power and add one battle destiny. OR For remainder of turn, your scout at an exterior site is power +1 and adds 1 to each of that character's weapon destiny draws.","C","images/starwars/Endor-Light/large/firefight.gif","/img/Endor-Light/firefight.gif"
"Endor","Fly Casual","images/LS/interrupt.gif","USED: Cancel Early Warning Network or It's An Older Code. OR During your deploy phase, deploy one starship (deploy -1) and/or one pilot to a system even without presence or Force icons.LOST: Take one Tydirium or Tantive IV into hand from Reserve Deck; reshuffle.","R","images/starwars/Endor-Light/large/flycasual.gif","/img/Endor-Light/flycasual.gif"
"Endor","Free Ride","images/LS/interrupt.gif","If you control a location where opponent has a speeder bike, AT-ST or skiff, steal that vehicle (any characters aboard are lost). OR Peek at one card randomly selected from opponent's hand. If that card is a speeder bike, AT-ST or skiff, steal it into hand.","U","images/starwars/Endor-Light/large/freeride.gif","/img/Endor-Light/freeride.gif"
"Endor","Get Alongside That One","images/LS/interrupt.gif","Target two non-creature vehicles with maneuver (one yours, one opponent's) present at same site. Both players draw destiny; add your vehicle's maneuver to your total. Lowest total loses vehicle. OR Your speeder bike piloted by Luke or a scout adds one battle destiny.","U","images/starwars/Endor-Light/large/getalongsidethatone.gif","/img/Endor-Light/getalongsidethatone.gif"
"Endor","Here We Go Again","images/LS/interrupt.gif","If a battle that opponent initiated just ended, initiate a new battle at same location. 'Reacts' are allowed only for opponent, but cards may not 'react' away or hide from battle. Loser ignores battle damage. If your droid present there, add one battle destiny (two if C-3PO).","R","images/starwars/Endor-Light/large/herewegoagain.gif","/img/Endor-Light/herewegoagain.gif"
"Endor","I Have A Really Bad Feeling About This","images/LS/interrupt.gif","","C","images/starwars/Endor-Light/large/ihaveareallybadfeelingaboutthis.gif","/img/Endor-Light/ihaveareallybadfeelingaboutthis.gif"
"Endor","I Know","images/LS/interrupt.gif","If Leia and Han are in a battle together, add two battle destiny. OR If opponent just initiated a battle against Han, you may 'react' by deploying there (for free) Leia and/or her matching weapon from hand and/or Reserve Deck; reshuffle.","R","images/starwars/Endor-Light/large/iknow.gif","/img/Endor-Light/iknow.gif"
"Endor","Lost In The Wilderness","images/LS/interrupt.gif","","R","images/starwars/Endor-Light/large/lostinthewilderness.gif","/img/Endor-Light/lostinthewilderness.gif"
"Endor","Rapid Deployment","images/LS/interrupt.gif","At the beginning of your deploy phase, if you occupy an Endor or rebel base site, deploy up to 5 troopers there from Reserve Deck(those troopers deploy -1) and reshuffle. You may not deploy any other characters or starships this turn.","R","images/starwars/Endor-Light/large/rapiddeployment.gif","/img/Endor-Light/rapiddeployment.gif"
"Endor","Sound The Attack","images/LS/interrupt.gif","USED: Use 1 Force to take into hand one vehicle, weapon or interrupt with 'Ewok' in the title from Reserve Deck; reshuffle.LOST: If your Ewok is defending a battle, add one battle destiny.","C","images/starwars/Endor-Light/large/soundtheattack.gif","/img/Endor-Light/soundtheattack.gif"
"Endor","Surprise Counter Assault","images/LS/interrupt.gif","Cancel Counter Assault. OR Use 4 Force to cancel opponent's Force drain at an exterior Endor site. Deploy (for free) from Reserve Deck any number of non-unique Ewoks to that site (Dark Side characters, vehicles and starships here may 'escape' to Used Pile).","R","images/starwars/Endor-Light/large/surprisecounterassault.gif","/img/Endor-Light/surprisecounterassault.gif"
"Endor","Take The Initiative","images/LS/interrupt.gif","USED: If all of your ability in a battle is provided by scouts and/or spies, they each add 1 to your total battle destiny (limit +6).LOST: For remainder of turn, your unique (�) scouts and unique (�) spies are each power +1 (or +2 while being attacked by a creature).","C","images/starwars/Endor-Light/large/taketheinitiative.gif","/img/Endor-Light/taketheinitiative.gif"
"Endor","This Is Absolutely Right","images/LS/interrupt.gif","If Han and Leia are present together at a battleground site (and neither is Undercover), choose one of the following: Your Force drain is +1 at that site this turn. OR Opponent's Force drains at related locations are -1 next turn. OR Cancel This Is Still Wrong.","R","images/starwars/Endor-Light/large/thisisabsolutelyright.gif","/img/Endor-Light/thisisabsolutelyright.gif"
"Endor","Throw Me Another Charge","images/LS/interrupt.gif","Take one automated weapon into hand from Reserve Deck; reshuffle. OR Add 1 to Deactivate The Shield Generator total. OR Cancel Trooper Charge, Blasted Droid, Trooper Assault or Dark Jedi Presence.","U","images/starwars/Endor-Light/large/throwmeanothercharge.gif","/img/Endor-Light/throwmeanothercharge.gif"
"Endor","Were You Looking For Me?","images/LS/interrupt.gif","USED: Take one or two communications or protocol droids (or one of each) into hand from Reserve Deck; reshuffle.LOST: Retrieve C-3PO. OR If C-3PO is in battle at a site, add one battle destiny (or two if with three Ewoks).","R","images/starwars/Endor-Light/large/wereyoulookingforme.gif","/img/Endor-Light/wereyoulookingforme.gif"
"Endor","Wookiee Guide","images/LS/interrupt.gif","Add 1 to landspeed of your scout at an exterior planet site for remainder of turn. OR If Han is with Leia or Chewie in battle, draw one destiny and subtract it from opponent's attrition against you.","C","images/starwars/Endor-Light/large/wookieeguide.gif","/img/Endor-Light/wookieeguide.gif"
"Endor","Yub Yub!","images/LS/interrupt.gif","USED: Add 1 to forfeit of each of your Ewoks for remainder of turn.LOST: Retrieve one card with 'Ewok' in the title. OR Cancel Dead Ewok, Imperial Tyranny or Empire's New Order.","C","images/starwars/Endor-Light/large/yubyub.gif","/img/Endor-Light/yubyub.gif"
"Endor","Chandrila","images/LS/system.gif","","U","images/starwars/Endor-Light/large/chandrila.gif","/img/Endor-Light/chandrila.gif"
"Endor","Endor","images/LS/system.gif","","U","images/starwars/Endor-Light/large/endor.gif","/img/Endor-Light/endor.gif"
"Endor","Endor: Back Door","images/LS/site.gif","","U","images/starwars/Endor-Light/large/endorbackdoor.gif","/img/Endor-Light/endorbackdoor.gif"
"Endor","Endor: Bunker","images/LS/site.gif","","U","images/starwars/Endor-Light/large/endorbunker.gif","/img/Endor-Light/endorbunker.gif"
"Endor","Endor: Chief Chirpa's Hut","images/LS/site.gif","","R","images/starwars/Endor-Light/large/endorchiefchirpashut.gif","/img/Endor-Light/endorchiefchirpashut.gif"
"Endor","Endor: Dense Forest","images/LS/site.gif","","C","images/starwars/Endor-Light/large/endordenseforest.gif","/img/Endor-Light/endordenseforest.gif"
"Endor","Endor: Ewok Village","images/LS/site.gif","","U","images/starwars/Endor-Light/large/endorewokvillage.gif","/img/Endor-Light/endorewokvillage.gif"
"Endor","Endor: Great Forest","images/LS/site.gif","","C","images/starwars/Endor-Light/large/endorgreatforest.gif","/img/Endor-Light/endorgreatforest.gif"
"Endor","Endor: Hidden Forest Trail","images/LS/site.gif","","U","images/starwars/Endor-Light/large/endorhiddenforesttrail.gif","/img/Endor-Light/endorhiddenforesttrail.gif"
"Endor","Endor: Landing Platform (Docking Bay)","images/LS/site.gif","","C","images/starwars/Endor-Light/large/endorlandingplatformdockingbay.gif","/img/Endor-Light/endorlandingplatformdockingbay.gif"
"Endor","Endor: Rebel Landing Site (Forest)","images/LS/site.gif","","R","images/starwars/Endor-Light/large/endorrebellandingsiteforest.gif","/img/Endor-Light/endorrebellandingsiteforest.gif"
"Endor","Rebel Strike Team Garrison Destroyed","images/LS/objective.gif","","R","images/starwars/Endor-Light/large/rebelstriketeam.gif","/img/Endor-Light/rebelstriketeam.gif"
"Endor","Tydirium","images/LS/starship.gif","May deploy (and your characters may deploy aboard) even without presence of Force icons. May add 2 pilots and 6 passengers. While Tydirium is at a system location, your scouts deploy -1 aboard.","R","images/starwars/Endor-Light/large/tydirium.gif","/img/Endor-Light/tydirium.gif"
"Endor","YT-1300 Transport","images/LS/starship.gif","May add 1 pilot, 2 passengers and 1 vehicle. Has ship-docking capability. Permanent pilot provides ability of 1. Quad Laser Cannon and Surface Defense Cannon may deploy (and fire free) aboard.","C","images/starwars/Endor-Light/large/yt1300transport.gif","/img/Endor-Light/yt1300transport.gif"
"Endor","Chewie's AT-ST","images/LS/vehicle.gif","","R","images/starwars/Endor-Light/large/chewiesatst.gif","/img/Endor-Light/chewiesatst.gif"
"Endor","Ewok Glider","images/LS/vehicle.gif","","C","images/starwars/Endor-Light/large/ewokglider.gif","/img/Endor-Light/ewokglider.gif"
"Endor","Speeder Bike","images/LS/vehicle.gif","","C","images/starwars/Endor-Light/large/speederbike.gif","/img/Endor-Light/speederbike.gif"
"Endor","A280 Sharpshooter Rifle","images/LS/weapon.gif","","R","images/starwars/Endor-Light/large/a280sharpshooterrifle.gif","/img/Endor-Light/a280sharpshooterrifle.gif"
"Endor","BlasTech E-11B Blaster Rifle","images/LS/weapon.gif","","C","images/starwars/Endor-Light/large/blasteche11bblasterrifle.gif","/img/Endor-Light/blasteche11bblasterrifle.gif"
"Endor","Chewbacca's Bowcaster","images/LS/weapon.gif","","R","images/starwars/Endor-Light/large/chewbaccasbowcaster.gif","/img/Endor-Light/chewbaccasbowcaster.gif"
"Endor","Ewok Bow","images/LS/weapon.gif","","C","images/starwars/Endor-Light/large/ewokbow.gif","/img/Endor-Light/ewokbow.gif"
"Endor","Ewok Catapult","images/LS/weapon.gif","","U","images/starwars/Endor-Light/large/ewokcatapult.gif","/img/Endor-Light/ewokcatapult.gif"
"Endor","Ewok Spear","images/LS/weapon.gif","","C","images/starwars/Endor-Light/large/ewokspear.gif","/img/Endor-Light/ewokspear.gif"
"Endor","Explosive Charge","images/LS/weapon.gif","","U","images/starwars/Endor-Light/large/explosivecharge.gif","/img/Endor-Light/explosivecharge.gif"
"Endor","AT-ST Pilot","images/DS/imperial.gif","Adds 2 to power of any combat vehicle he pilots. When piloting an AT-ST in battle, adds 1 to his forfeit, draws one battle destiny if not able to otherwise and cumulatively adds 1 to your attrition against opponent.","C","images/starwars/Endor-Dark/large/atstpilot.gif","/img/Endor-Dark/atstpilot.gif"
"Endor","Biker Scout Trooper","images/DS/imperial.gif","Adds 3 to power of any speeder bike he pilots. Power -1 while not at a forest, jungle or Endor site. Forfeit +2 aboard a speeder bike. Once during each of your deploy phases, may deploy a speeder bike to same site from Reserve Deck; reshuffle.","C","images/starwars/Endor-Dark/large/bikerscouttrooper.gif","/img/Endor-Dark/bikerscouttrooper.gif"
"Endor","Colonel Dyer","images/DS/imperial.gif","While at Bunker of an Endor battleground site, prevents Ominous Rumors from being canceled. Your [Endor] troopers may move as a 'react' to same site.","R","images/starwars/Endor-Dark/large/coloneldyer.gif","/img/Endor-Dark/coloneldyer.gif"
"Endor","Commander Igar","images/DS/imperial.gif","Adds 3 to power of any combat vehicle he pilots. When piloting Tempest 1 or a non-unique AT-AT, adds one battle destiny. When in battle with Veers or Tagge, may use 2 Force to cancel and redraw one just-drawn battle destiny.","R","images/starwars/Endor-Dark/large/commanderigar.gif","/img/Endor-Dark/commanderigar.gif"
"Endor","Corporal Avarik","images/DS/imperial.gif","Adds 3 to power of any speeder bike he pilots (when piloting it in battle, also adds 1 to your total battle destiny). When in a Local Trouble battle, adds one destiny to your total power.","U","images/starwars/Endor-Dark/large/corporalavarik.gif","/img/Endor-Dark/corporalavarik.gif"
"Endor","Corporal Drazin","images/DS/imperial.gif","Once during each of your control phases, may take one Special Delivery into hand from Reserve Deck; reshuffle. Special Delivery is immune to Alter. When Drazin completes Special Delivery, you may take two additional cards into hand.","U","images/starwars/Endor-Dark/large/corporaldrazin.gif","/img/Endor-Dark/corporaldrazin.gif"
"Endor","Corporal Drelosyn","images/DS/imperial.gif","Adds 3 to power of any speeder bike he pilots or anything he drives. When in battle with Irol at a site, adds one battle destiny. Power +1 at any mobile, interior or spaceport site.","R","images/starwars/Endor-Dark/large/corporaldrelosyn.gif","/img/Endor-Dark/corporaldrelosyn.gif"
"Endor","Corporal Misik","images/DS/imperial.gif","Adds 3 to power of any speeder bike he pilots. When firing a Scout Blaster, adds 1 to his total weapon destiny. When with Barich in a battle and piloting or driving a vehicle, may add that vehicle's maneuver to your total power.","R","images/starwars/Endor-Dark/large/corporalmisik.gif","/img/Endor-Dark/corporalmisik.gif"
"Endor","Corporal Oberk","images/DS/imperial.gif","","R","images/starwars/Endor-Dark/large/corporaloberk.gif","/img/Endor-Dark/corporaloberk.gif"
"Endor","Elite Squadron Stormtrooper","images/DS/imperial.gif","","C","images/starwars/Endor-Dark/large/elitesquadronstormtrooper.gif","/img/Endor-Dark/elitesquadronstormtrooper.gif"
"Endor","Lieutenant Arnet","images/DS/imperial.gif","Deploys free aboard Blizzard Scout 1. Adds 2 to power of any combat vehicle he pilots (or 3 if an AT-ST). When piloting Tempest Scout 1, draws one battle destiny if not able to otherwise. Opponent may not 'react' to or from same site.","U","images/starwars/Endor-Dark/large/lieutenantarnet.gif","/img/Endor-Dark/lieutenantarnet.gif"
"Endor","Lieutenant Grond","images/DS/imperial.gif","Adds 2 to power of anything he pilots or any swoop he drives. When in battle at an exterior site, adds 2 to attrition against opponent for each of your biker scout/trooper (non-biker scout) pairs present.","U","images/starwars/Endor-Dark/large/lieutenantgrond.gif","/img/Endor-Dark/lieutenantgrond.gif"
"Endor","Lieutenant Renz","images/DS/imperial.gif","","R","images/starwars/Endor-Dark/large/lieutenantrenz.gif","/img/Endor-Dark/lieutenantrenz.gif"
"Endor","Lieutenant Watts","images/DS/imperial.gif","Adds 2 to power of any combat vehicle he pilots. Adds 1 to each weapon destiny draw of any combat vehicle he pilots (or 2 if on Tempest Scout 2 or if present with Marquand).","R","images/starwars/Endor-Dark/large/lieutenantwatts.gif","/img/Endor-Dark/lieutenantwatts.gif"
"Endor","Major Hewex","images/DS/imperial.gif","Adds 1 to total power for each of your troopers present at same site. When on Endor, subtracts 1 from total for Deactivate The Shield Generator and your troopers are forfeit +1 on Endor. When at Bunker, allows Imperials to deploy there as a 'react'.","R","images/starwars/Endor-Dark/large/majorhewex.gif","/img/Endor-Dark/majorhewex.gif"
"Endor","Major Marquand","images/DS/imperial.gif","Adds 3 to power of any combat vehicle he pilots. When piloting a combat vehicle with Watts, may add one battle destiny and, if that vehicle has immunity to attrition, adds 2 to immunity.","R","images/starwars/Endor-Dark/large/majormarquand.gif","/img/Endor-Dark/majormarquand.gif"
"Endor","Navy Trooper","images/DS/imperial.gif","Deploy -1 to a mobile site (except on Cloud City). When defending a battle, power +1 (or +2 if also at an interior site). When in battle against an operative, prevents opponent from drawing more than one battle destiny.","C","images/starwars/Endor-Dark/large/navytrooper.gif","/img/Endor-Dark/navytrooper.gif"
"Endor","Navy Trooper Fenson","images/DS/imperial.gif","Subtracts 3 from Force opponent retrieves for On The Edge and Off The Edge. When at Bunker, adds 2 to deploy cost of each opponent's character (except Ewoks, spies and scouts) to Endor sites (except Rebel Landing Site).","R","images/starwars/Endor-Dark/large/navytrooperfenson.gif","/img/Endor-Dark/navytrooperfenson.gif"
"Endor","Navy Trooper Shield Technician","images/DS/imperial.gif","Forfeit +2 while with Hewex. When at Bunker (or aboard a Star Destroyer at Endor), cumulatively adds 1 to deploy cost of each opponent's starship and non-Ewok vehicle deploying to Endor (or to your mobile site orbiting Endor)","C","images/starwars/Endor-Dark/large/navytroopershieldtechnician.gif","/img/Endor-Dark/navytroopershieldtechnician.gif"
"Endor","Navy Trooper Vesden","images/DS/imperial.gif","If present with a Scomp link when Never Tell Me The Odds just reached the top of your Reserve Deck, may 'shield' (add 3 to destiny number of) one of your characters at each location for remainder of turn.","U","images/starwars/Endor-Dark/large/navytroopervesden.gif","/img/Endor-Dark/navytroopervesden.gif"
"Endor","Sergeant Barich","images/DS/imperial.gif","Adds 2 to power of anything he pilots (or 3 to any speeder bike). When in a battle with your other biker scout, may draw one battle destiny and subtract that amount from opponent's attrition and total power.","R","images/starwars/Endor-Dark/large/sergeantbarich.gif","/img/Endor-Dark/sergeantbarich.gif"
"Endor","Sergeant Elsek","images/DS/imperial.gif","Adds 3 to power of any speeder bike he pilots. When in battle with Avarik, adds 2 to your total battle destiny. When forfeited at same site as your other biker scout, also satisfies all remaining attrition and battle damage against you.","U","images/starwars/Endor-Dark/large/sergeantelsek.gif","/img/Endor-Dark/sergeantelsek.gif"
"Endor","Sergeant Irol","images/DS/imperial.gif","May deploy -1 as a 'react' to any forest, jungle or exterior Endor site. Adds 3 to power of any speeder bike he pilots. When vehicle he drives or pilots is targeted by High-speed Tactics or Get Alongside That One, adds 2 to your destiny draw.","R","images/starwars/Endor-Dark/large/sergeantirol.gif","/img/Endor-Dark/sergeantirol.gif"
"Endor","Sergeant Tarl","images/DS/imperial.gif","While Tarl is the trooper targeted by Spice Mines of Kessel, that Utinni Effect is immune to Alter and Tarl adds 4 to Force retrieved when completed. Subtracts 3 from Force opponent retrieves with Noble Sacrifice.","U","images/starwars/Endor-Dark/large/sergeanttarl.gif","/img/Endor-Dark/sergeanttarl.gif"
"Endor","Sergeant Wallen","images/DS/imperial.gif","May deploy for free to a battle you just initiated at a battleground site.","R","images/starwars/Endor-Dark/large/sergeantwallen.gif","/img/Endor-Dark/sergeantwallen.gif"
"Endor","An Entire Legion Of My Best Troops","images/DS/effect.gif","Deploy on your side of table. Stormtroopers (except biker scouts) have armor = 4. Also, your blaster rifles, Stormtrooper Utility Belts and Blaster Scopes are deploy -1 and are destiny +2 when drawn for weapon or battle destiny. (Immune to Alter.)","U","images/starwars/Endor-Dark/large/anentirelegionofmybesttroops.gif","/img/Endor-Dark/anentirelegionofmybesttroops.gif"
"Endor","Aratech Corporation","images/DS/effect.gif","Deploy on Carida system. Your speeder bikes piloted by biker scouts are power +1 and forfeit +1 and may follow (for free) an opponent's vehicle or character that just moved from same site (if within range). (Immune to Alter while you occupy Carida.)","R","images/starwars/Endor-Dark/large/aratechcorporation.gif","/img/Endor-Dark/aratechcorporation.gif"
"Endor","Battle Order","images/DS/effect.gif","Deploy on table. You may initiate battles for free. Also (unless Battle Plan on table), for either player to initiate a Force drain, that player must first use 3 Force unless that player occupies a battleground site (except a holosite) and a battleground system. (Immune to Alter.)","U","images/starwars/Endor-Dark/large/battleorder.gif","/img/Endor-Dark/battleorder.gif"
"Endor","Biker Scout Gear","images/DS/effect.gif","Deploy on your side of table. Biker scouts have armor = 3 and are immune to Scramble. Also, Scout Blaster, Comlink, DH-17 blaster and Blaster Rack deploy for free and are destiny +2 when drawn for weapon or battle destiny (Immune to Alter.)","U","images/starwars/Endor-Dark/large/bikerscoutgear.gif","/img/Endor-Dark/bikerscoutgear.gif"
"Endor","Closed Door","images/DS/effect.gif","Deploy on Back Door. Opponent may not deploy or move to Bunker. Effect canceled if opponent controls Back Door or Landing Platform or if you initiate at Force drain at Bunker. (Immune to Alter.)","R","images/starwars/Endor-Dark/large/closeddoor.gif","/img/Endor-Dark/closeddoor.gif"
"Endor","Crossfire","images/DS/effect.gif","","R","images/starwars/Endor-Dark/large/crossfire.gif","/img/Endor-Dark/crossfire.gif"
"Endor","Early Warning Network","images/DS/effect.gif","Deploy on an interior site that has a Scomp link. While you occupy this site, once per battle you may deploy a non-unique Imperial starship as a 'react' (for free if starfighter) to the related system from Reserve Deck; reshuffle. (Immune to alter.)","R","images/starwars/Endor-Dark/large/earlywarningnetwork.gif","/img/Endor-Dark/earlywarningnetwork.gif"
"Endor","Empire's New Order","images/DS/effect.gif","Deploy on table. Droid Merchant game text is canceled. Also, while none of your ability on table is provided by aliens, retrieve 1 Force after each battle in which opponent's alien is lost (or 2 if Ewok, Elom or operative). (Immune to Alter.)","R","images/starwars/Endor-Dark/large/empiresneworder.gif","/img/Endor-Dark/empiresneworder.gif"
"Endor","Establish Secret Base","images/DS/effect.gif","Deploy on Endor system if your biker scouts and/or AT-STs control three Endor sites. Your Force drain here is +1 for each Endor site your biker scout or AT-ST controls (limit +3). Place Effect in Used Pile if opponent controls this system. (Immune to Alter.)","R","images/starwars/Endor-Dark/large/establishsecretbase.gif","/img/Endor-Dark/establishsecretbase.gif"
"Endor","Imperial Academy Training","images/DS/effect.gif","Deploy on your side of table. Each of your non-unique Imperials armed with a non-unique blaster is forfeit +2, adds 1 to his total weapon destiny and, where present, cumulatively adds 1 to total battle destiny. (Immune to Alter while your non-unique blaster is on table.)","C","images/starwars/Endor-Dark/large/imperialacademytraining.gif","/img/Endor-Dark/imperialacademytraining.gif"
"Endor","Imperial Arrest Order","images/DS/effect.gif","","U","images/starwars/Endor-Dark/large/imperialarrestorder.gif","/img/Endor-Dark/imperialarrestorder.gif"
"Endor","Ominous Rumors","images/DS/effect.gif","Use 2 Force to deploy on Endor system if opponent controls no Endor sites. Your Force drains are +2 at up to X other battleground systems, where X = number of Endor sites you occupy. Effect canceled if opponent controls three Endor sites. (Immune to Alter.)","R","images/starwars/Endor-Dark/large/ominousrumors.gif","/img/Endor-Dark/ominousrumors.gif"
"Endor","Perimeter Patrol","images/DS/effect.gif","Deploy on Bunker. While you control Bunker, each time opponent deploys a vehicle, starship or Rebel to an Endor site (except Rebel Landing Site), that card cannot move or battle for remainder of turn and opponent must lose 1 Force. (Immune to Alter.)","R","images/starwars/Endor-Dark/large/perimeterpatrol.gif","/img/Endor-Dark/perimeterpatrol.gif"
"Endor","Pinned Down","images/DS/effect.gif","Deploy on your side of table. Opponent may not 'react' away from a battle where you have a blaster present. Also, if you have a blaster present when opponent cancels a battle, draw destiny, opponent loses Force equal to destiny draw. (Immune to Alter.)","U","images/starwars/Endor-Dark/large/pinneddown.gif","/img/Endor-Dark/pinneddown.gif"
"Endor","Relentless Tracking","images/DS/effect.gif","Deploy on opponent's non-droid character at same or adjacent site as your scout. During each of your control phases, if your scout is at this site (and not Undercover), opponent loses 2 Force (or 3 Force if that scout is also a biker scout).","R","images/starwars/Endor-Dark/large/relentlesstracking.gif","/img/Endor-Dark/relentlesstracking.gif"
"Endor","Search And Destroy","images/DS/effect.gif","","U","images/starwars/Endor-Dark/large/searchanddestroy.gif","/img/Endor-Dark/searchanddestroy.gif"
"Endor","Security Precautions","images/DS/effect.gif","Deploy on a location. Your Force generation is +1 here. Also, if you 'probe' opponent's 'Hidden Base' system, opponent loses X Force, where X = 15 - number of systems on table. You take no battle damage where you have a 'probe' card. (Immune to Alter.)","R","images/starwars/Endor-Dark/large/securityprecautions.gif","/img/Endor-Dark/securityprecautions.gif"
"Endor","Well-earned Command","images/DS/effect.gif","Deploy on your general or commander. When battling, adds 1 to your total battle destiny (or 2 if Igar). Once during each of your control phases, may take one Imperial Propaganda into hand from Reserve Deck; reshuffle. Your Force drains are +1 at holosites.","R","images/starwars/Endor-Dark/large/wellearnedcommand.gif","/img/Endor-Dark/wellearnedcommand.gif"
"Endor","Accelerate","images/DS/interrupt.gif","Adds 2 to maneuver, 1 to power and 1 to landspeed of either your speeder bike piloted by a biker scout or your swoop for remainder of turn. (Interrupt may even affect the result just after a destiny draw targeting the vehicle's maneuver.)","C","images/starwars/Endor-Dark/large/accelerate.gif","/img/Endor-Dark/accelerate.gif"
"Endor","Always Thinking With Your Stomach","images/DS/interrupt.gif","","R","images/starwars/Endor-Dark/large/alwaysthinkingwithyourstomach.gif","/img/Endor-Dark/alwaysthinkingwithyourstomach.gif"
"Endor","Combat Readiness","images/DS/interrupt.gif","","C","images/starwars/Endor-Dark/large/combatreadiness.gif","/img/Endor-Dark/combatreadiness.gif"
"Endor","Compact Firepower","images/DS/interrupt.gif","If your warrior just fired a DH-17 blaster or scout blaster during a battle, draw destiny: (0) no effect, (1-3) target may not use weapons this turn, (4+) target is power and forfeit = 0 this battle.","C","images/starwars/Endor-Dark/large/compactfirepower.gif","/img/Endor-Dark/compactfirepower.gif"
"Endor","Counterattack","images/DS/interrupt.gif","If a battle that opponent initiated just ended, initiate a new battle at same location. 'Reacts' are allowed only for opponent, but cards may not 'react' away or hide from battle. Loser ignores battle damage. If your trooper present there, add one battle destiny.","R","images/starwars/Endor-Dark/large/counterattack.gif","/img/Endor-Dark/counterattack.gif"
"Endor","Dead Ewok","images/DS/interrupt.gif","","C","images/starwars/Endor-Dark/large/deadewok.gif","/img/Endor-Dark/deadewok.gif"
"Endor","Don't Move!","images/DS/interrupt.gif","If a battle was just initiated, and two of your troopers are armed with weapons, target one opponent's character present. Draw destiny: (0-2) no effect, (3-4) target is power = 0 for remainder of turn, (5+) target captured.","C","images/starwars/Endor-Dark/large/dontmove.gif","/img/Endor-Dark/dontmove.gif"
"Endor","Eee Chu Wawa!","images/DS/interrupt.gif","USED: For remainder of turn, subtract 1 from forfeit of each opponent's Ewok (or subtract 2 from any one opponent's character).LOST: Cancel one Ewok's game text for remainder of turn. OR Cancel Sound The Attack.","C","images/starwars/Endor-Dark/large/eeechuwawa.gif","/img/Endor-Dark/eeechuwawa.gif"
"Endor","Endor Occupation","images/DS/interrupt.gif","Cancel Tatooine Celebration, Cloud City Celebration or Coruscant Celebration. (Immune to Sense.) OR During your activate phase, activate 1 Force for each Endor battleground you occupy.","R","images/starwars/Endor-Dark/large/endoroccupation.gif","/img/Endor-Dark/endoroccupation.gif"
"Endor","Freeze!","images/DS/interrupt.gif","If a Rebel just deployed or moved to a site where you have a trooper present armed with a weapon, use 1 Force. For remainder of turn, that Rebel may not battle or move and battle damage against you is limited to 4 at that location.","U","images/starwars/Endor-Dark/large/freeze.gif","/img/Endor-Dark/freeze.gif"
"Endor","Go For Help!","images/DS/interrupt.gif","If opponent just initiated a battle at an exterior site with double your total power, reveal top 3 cards of your Reserve Deck. If any of those cards are scouts or speeder bikes, deploy them for free to that battle (replace others on top of Reserve Deck in same order).","C","images/starwars/Endor-Dark/large/goforhelp.gif","/img/Endor-Dark/goforhelp.gif"
"Endor","High-speed Tactics","images/DS/interrupt.gif","Target two non-creature vehicles with maneuver (one yours, one opponent's) present at same site. Both players draw destiny, add your vehicle's maneuver to your total. Lowest total loses vehicle. OR You speeder bike piloted by a biker scout adds one battle destiny.","U","images/starwars/Endor-Dark/large/highspeedtactics.gif","/img/Endor-Dark/highspeedtactics.gif"
"Endor","Hot Pursuit","images/DS/interrupt.gif","","C","images/starwars/Endor-Dark/large/hotpursuit.gif","/img/Endor-Dark/hotpursuit.gif"
"Endor","Imperial Tyranny","images/DS/interrupt.gif","If an opponent's alien is defending a battle against your non-unique Imperial, add one battle destiny. If an opponent's Ewok, Elom or operative is defending, also add 3 to your total power. OR Add 2 to your total weapon destiny when targeting a non-unique alien.","C","images/starwars/Endor-Dark/large/imperialtyranny.gif","/img/Endor-Dark/imperialtyranny.gif"
"Endor","It's An Older Code","images/DS/interrupt.gif","USED: If opponent just landed a starship at an exterior site, you may deploy up to three related sites from your Reserve Deck; reshuffle.LOST: Use 2 Force to 'scan' (reveal) opponent's hand. You may place one starship you find there in opponent's Used Pile.","R","images/starwars/Endor-Dark/large/itsanoldercode.gif","/img/Endor-Dark/itsanoldercode.gif"
"Endor","Main Course","images/DS/interrupt.gif","USED: Cancel Frozen Assets. (Immune to Sense.)LOST: If opponent's alien and Rebel are in battle together without a protocol droid, draw one destiny (or two if Rebel is Han) and subtract that amount from opponent's attrition and total power.","U","images/starwars/Endor-Dark/large/maincourse.gif","/img/Endor-Dark/maincourse.gif"
"Endor","Outflank","images/DS/interrupt.gif","During a battle, if you have weapons at both sites adjacent to that battle, add 3 to your total power and add one battle destiny. OR For remainder of turn, your biker scout at an exterior site is power +1 and adds 1 to each of that character's weapon destiny draws.","C","images/starwars/Endor-Dark/large/outflank.gif","/img/Endor-Dark/outflank.gif"
"Endor","Pitiful Little Band","images/DS/interrupt.gif","","C","images/starwars/Endor-Dark/large/pitifullittleband.gif","/img/Endor-Dark/pitifullittleband.gif"
"Endor","Scout Recon","images/DS/interrupt.gif","Add 1 to landspeed of your scout at an exterior planet site for remainder of turn. OR If Igar is with Grond or Dyer in battle, draw one destiny and subtract if from opponent's attrition against you.","C","images/starwars/Endor-Dark/large/scoutrecon.gif","/img/Endor-Dark/scoutrecon.gif"
"Endor","Sneak Attack","images/DS/interrupt.gif","USED: If all of your ability in a battle is provided by scouts and/or spies, they each add 1 to your total battle destiny (limit +6).LOST: For remainder of turn, your unique (�) scouts and unique (�) spies are each power +1 (or +2 while being attacked by a creature).","C","images/starwars/Endor-Dark/large/sneakattack.gif","/img/Endor-Dark/sneakattack.gif"
"Endor","Wounded Warrior","images/DS/interrupt.gif","Cancel Leia's game text for remainder of turn. OR If your weapon (except a lightsaber) just 'hit' an opponent's character, for remainder of turn that character is power = 0 and may not apply ability toward drawing battle destiny.","R","images/starwars/Endor-Dark/large/woundedwarrior.gif","/img/Endor-Dark/woundedwarrior.gif"
"Endor","You Rebel Scum","images/DS/interrupt.gif","For remainder of turn, cancel game text of one Rebel present with two stormtroopers. OR During your control phase, cancel game text of one nonunique Rebel for remainder of turn.","R","images/starwars/Endor-Dark/large/yourebelscum.gif","/img/Endor-Dark/yourebelscum.gif"
"Endor","Carida","images/DS/system.gif","","U","images/starwars/Endor-Dark/large/carida.gif","/img/Endor-Dark/carida.gif"
"Endor","Endor","images/DS/system.gif","","U","images/starwars/Endor-Dark/large/endor.gif","/img/Endor-Dark/endor.gif"
"Endor","Endor: Ancient Forest","images/DS/site.gif","","U","images/starwars/Endor-Dark/large/endorancientforest.gif","/img/Endor-Dark/endorancientforest.gif"
"Endor","Endor: Back Door","images/DS/site.gif","","U","images/starwars/Endor-Dark/large/endorbackdoor.gif","/img/Endor-Dark/endorbackdoor.gif"
"Endor","Endor: Bunker","images/DS/site.gif","","U","images/starwars/Endor-Dark/large/endorbunker.gif","/img/Endor-Dark/endorbunker.gif"
"Endor","Endor: Dark Forest","images/DS/site.gif","","R","images/starwars/Endor-Dark/large/endordarkforest.gif","/img/Endor-Dark/endordarkforest.gif"
"Endor","Endor: Dense Forest","images/DS/site.gif","","C","images/starwars/Endor-Dark/large/endordenseforest.gif","/img/Endor-Dark/endordenseforest.gif"
"Endor","Endor: Ewok Village","images/DS/site.gif","","U","images/starwars/Endor-Dark/large/endorewokvillage.gif","/img/Endor-Dark/endorewokvillage.gif"
"Endor","Endor: Forest Clearing","images/DS/site.gif","","U","images/starwars/Endor-Dark/large/endorforestclearing.gif","/img/Endor-Dark/endorforestclearing.gif"
"Endor","Endor: Great Forest","images/DS/site.gif","","C","images/starwars/Endor-Dark/large/endorgreatforest.gif","/img/Endor-Dark/endorgreatforest.gif"
"Endor","Endor: Landing Platform (Docking Bay)","images/DS/site.gif","","C","images/starwars/Endor-Dark/large/endorlandingplatformdockingbay.gif","/img/Endor-Dark/endorlandingplatformdockingbay.gif"
"Endor","Endor OperationsImperial Outpost","images/DS/objective.gif","","R","images/starwars/Endor-Dark/large/endoroperations.gif","/img/Endor-Dark/endoroperations.gif"
"Endor","Lambda-Class Shuttle","images/DS/starship.gif","Deploy -1 if Sienar Fleet Systems on table. May add 1 pilot and 6 passengers. Permanent pilot provides ability of 1. Takes off and lands for free.","C","images/starwars/Endor-Dark/large/lambdaclassshuttle.gif","/img/Endor-Dark/lambdaclassshuttle.gif"
"Endor","Speeder Bike","images/DS/vehicle.gif","","C","images/starwars/Endor-Dark/large/speederbike.gif","/img/Endor-Dark/speederbike.gif"
"Endor","Tempest 1","images/DS/vehicle.gif","","R","images/starwars/Endor-Dark/large/tempest1.gif","/img/Endor-Dark/tempest1.gif"
"Endor","Tempest Scout","images/DS/vehicle.gif","May add 1 pilot or passenger. May move as a 'react' for 1 additional Force. Permanent pilot provides ability of 1. Your Elite Squadron stormtroopers are deploy -1 to same site.","U","images/starwars/Endor-Dark/large/tempestscout.gif","/img/Endor-Dark/tempestscout.gif"
"Endor","Tempest Scout 1","images/DS/vehicle.gif","","R","images/starwars/Endor-Dark/large/tempestscout1.gif","/img/Endor-Dark/tempestscout1.gif"
"Endor","Tempest Scout 2","images/DS/vehicle.gif","","R","images/starwars/Endor-Dark/large/tempestscout2.gif","/img/Endor-Dark/tempestscout2.gif"
"Endor","Tempest Scout 3","images/DS/vehicle.gif","May deploy or move as a 'react' to a forest or Endor site. May add 1 pilot or passenger. Permanent pilot provides ability of 2.","R","images/starwars/Endor-Dark/large/tempestscout3.gif","/img/Endor-Dark/tempestscout3.gif"
"Endor","Tempest Scout 4","images/DS/vehicle.gif","May add 1 pilot or passenger. Permanent pilot provides ability of 1. AT-ST Dual Cannon deploys free aboard and may target at an adjacent site.","R","images/starwars/Endor-Dark/large/tempestscout4.gif","/img/Endor-Dark/tempestscout4.gif"
"Endor","Tempest Scout 5","images/DS/vehicle.gif","May add 1 pilot or passenger. May move as a 'react'. Permanent pilot provides ability of 1. Adds 1 to your total power in battle at same site for each of your other piloted combat vehicles present.","R","images/starwars/Endor-Dark/large/tempestscout5.gif","/img/Endor-Dark/tempestscout5.gif"
"Endor","Tempest Scout 6","images/DS/vehicle.gif","May deploy -2 as a 'react'. May move as a 'react' for free. Permanent pilots provide total ability of 2.","R","images/starwars/Endor-Dark/large/tempestscout6.gif","/img/Endor-Dark/tempestscout6.gif"
"Endor","AT-ST Dual Cannon","images/DS/weapon.gif","","R","images/starwars/Endor-Dark/large/atstdualcannon.gif","/img/Endor-Dark/atstdualcannon.gif"
"Endor","Scout Blaster","images/DS/weapon.gif","","C","images/starwars/Endor-Dark/large/scoutblaster.gif","/img/Endor-Dark/scoutblaster.gif"
"Endor","Speeder Bike Cannon","images/DS/weapon.gif","","U","images/starwars/Endor-Dark/large/speederbikecannon.gif","/img/Endor-Dark/speederbikecannon.gif"
