"Premiere","2X-3KPR (Tooex)","images/LS/droid.gif","","U1","images/starwars/Premiere-Light/large/2x3kpr.gif","/img/Premiere-Light/2x3kpr.gif"
"Premiere","Beru Lars","images/LS/rebel.gif","Forfeit +2 when at same site as Owen Lars or a Hydroponics Station. If lost from table during opponent's turn, Luke is power +3 until the end of your next turn.","U2","images/starwars/Premiere-Light/large/berulars.gif","/img/Premiere-Light/berulars.gif"
"Premiere","Biggs Darklighter","images/LS/rebel.gif","Adds 2 to power of anything he pilots. When piloting Red 3, also adds 1 to maneuver and draws one battle destiny if not able to otherwise.","R2","images/starwars/Premiere-Light/large/biggsdarklighter.gif","/img/Premiere-Light/biggsdarklighter.gif"
"Premiere","BoShek","images/LS/alien.gif","","U1","images/starwars/Premiere-Light/large/boshek.gif","/img/Premiere-Light/boshek.gif"
"Premiere","C-3PO (See-Threepio)","images/LS/droid.gif","Total power at same site is +2 for each of your droid/Rebel pairs present, including C-3PO. R2-D2 is forfeit +2 when present.","R1","images/starwars/Premiere-Light/large/c3po.gif","/img/Premiere-Light/c3po.gif"
"Premiere","CZ-3 (Seezee-Three)","images/LS/droid.gif","If opponent has just initiated a battle or Force drain at CZ-3's location or an adjacent site, you may 'react' by deploying cards (at normal use of the Force) to that battle or Force drain location.","C1","images/starwars/Premiere-Light/large/cz3.gif","/img/Premiere-Light/cz3.gif"
"Premiere","Dice Ibegon","images/LS/alien.gif","If present where an opponent's character just fired a weapon, may use 1 Force to utilize Dice's poison stinger (once per turn). Target that character and draw destiny. If destiny = ability, target is 'hit'.","R2","images/starwars/Premiere-Light/large/diceibegon.gif","/img/Premiere-Light/diceibegon.gif"
"Premiere","Dutch","images/LS/rebel.gif","Adds 2 to power of anything he pilots. When piloting Gold 1, also adds 1 to maneuver and draws one battle destiny if not able to otherwise. Adds 1 to forfeit of each other Gold Squadron pilot at same location.","R1","images/starwars/Premiere-Light/large/dutch.gif","/img/Premiere-Light/dutch.gif"
"Premiere","Figrin D'an","images/LS/alien.gif","Once each turn during your control phase, you may use 1 Force to make a 'wager.' Draw three destiny. Opponent draws two destiny. Player with highest total may randomly select one card to be retrieved from that player's Lost Pile.","U2","images/starwars/Premiere-Light/large/figrindan.gif","/img/Premiere-Light/figrindan.gif"
"Premiere","General Dodonna","images/LS/rebel.gif","Increases Rebel Planners by 1, doubles if at same site. May use 1 Force to cancel Wrong Turn. Each Rebel present with him at a Yavin 4 site is power +1.","U1","images/starwars/Premiere-Light/large/generaldodonna.gif","/img/Premiere-Light/generaldodonna.gif"
"Premiere","Han Solo","images/LS/rebel.gif","Once during battle, may use 1 Force to cancel and re-draw your just drawn destiny. Adds 2 to power of anything he pilots. When piloting Falcon, also adds 2 to maneuver and may draw one battle destiny if not able to otherwise.","R1","images/starwars/Premiere-Light/large/hansolo.gif","/img/Premiere-Light/hansolo.gif"
"Premiere","Jawa","images/LS/alien.gif","*To deploy, requires 1 Force from each players' Force Pile. Cannot deploy otherwise. Deploy only on Tatooine, but may move elsewhere.","C2","images/starwars/Premiere-Light/large/jawa.gif","/img/Premiere-Light/jawa.gif"
"Premiere","Jek Porkins","images/LS/rebel.gif","Adds 2 to power of anything he pilots. When piloting Red 6, also adds 1 to maneuver and draws one battle destiny if not able to otherwise.","U1","images/starwars/Premiere-Light/large/jekporkins.gif","/img/Premiere-Light/jekporkins.gif"
"Premiere","Kabe","images/LS/alien.gif","","U1","images/starwars/Premiere-Light/large/kabe.gif","/img/Premiere-Light/kabe.gif"
"Premiere","Kal'Falnl C'ndros","images/LS/alien.gif","When in a battle, if both players draw only one battle destiny and yours is higher, reduces opponent's destiny to zero. Landspeed = 3. Adds 2 to power of anything she pilots. May not deploy to or board starfighters or enclosed vehicles.","R1","images/starwars/Premiere-Light/large/kalfalnlcndros.gif","/img/Premiere-Light/kalfalnlcndros.gif"
"Premiere","Leesub Sirln","images/LS/alien.gif","Once each turn during your control phase, may use 1 Force to guess a card type and point to a card in opponent's hand. Card must be shown. If guessed correctly, card is lost.","R2","images/starwars/Premiere-Light/large/leesubsirln.gif","/img/Premiere-Light/leesubsirln.gif"
"Premiere","Leia Organa","images/LS/rebel.gif","","R1","images/starwars/Premiere-Light/large/leiaorgana.gif","/img/Premiere-Light/leiaorgana.gif"
"Premiere","LIN-V8K (Elleyein-Veeatekay)","images/LS/droid.gif","At any time during your turn, may use 1 Force to 'defuse' (lose) any one mine at same site.","C1","images/starwars/Premiere-Light/large/linv8k.gif","/img/Premiere-Light/linv8k.gif"
"Premiere","Luke Skywalker","images/LS/rebel.gif","","R1","images/starwars/Premiere-Light/large/lukeskywalker.gif","/img/Premiere-Light/lukeskywalker.gif"
"Premiere","Momaw Nadon","images/LS/alien.gif","During your control phase, may snare (steal) one Bantha, Dewback, Wampa, Rancor, Bubo, or Dragonsnake present at same site.","U2","images/starwars/Premiere-Light/large/momawnadon.gif","/img/Premiere-Light/momawnadon.gif"
"Premiere","Obi-Wan Kenobi","images/LS/rebel.gif","","R1","images/starwars/Premiere-Light/large/obiwankenobi.gif","/img/Premiere-Light/obiwankenobi.gif"
"Premiere","Owen Lars","images/LS/rebel.gif","Deploys free at Lars' Moisture Farm. Power +2 if at same site as Beru Lars or a Vaporator. If lost from table during opponent's turn, Luke is power +3 until the end of your next turn.","U1","images/starwars/Premiere-Light/large/owenlars.gif","/img/Premiere-Light/owenlars.gif"
"Premiere","Pops","images/LS/rebel.gif","Adds 2 to power of anything he pilots. When piloting Gold 5, also adds 1 to maneuver and draws one battle destiny if not able to otherwise.","U1","images/starwars/Premiere-Light/large/pops.gif","/img/Premiere-Light/pops.gif"
"Premiere","R2-X2 (Artoo-Extoo)","images/LS/droid.gif","While aboard any starfighter, adds 1 to power, maneuver, and hyperspeed.","C2","images/starwars/Premiere-Light/large/r2x2.gif","/img/Premiere-Light/r2x2.gif"
"Premiere","R4-E1 (Arfour-Eeone)","images/LS/droid.gif","While aboard a non-creature vehicle, adds 1 to power, maneuver and landspeed. May drive transport vehicles.","C2","images/starwars/Premiere-Light/large/r4e1.gif","/img/Premiere-Light/r4e1.gif"
"Premiere","Rebel Guard","images/LS/rebel.gif","Power +4 when defending a battle. Cannot move.","C2","images/starwars/Premiere-Light/large/rebelguard.gif","/img/Premiere-Light/rebelguard.gif"
"Premiere","Rebel Pilot","images/LS/rebel.gif","Adds 2 to power of anything he pilots.","C2","images/starwars/Premiere-Light/large/rebelpilot.gif","/img/Premiere-Light/rebelpilot.gif"
"Premiere","Rebel Trooper","images/LS/rebel.gif","","C3","images/starwars/Premiere-Light/large/rebeltrooper.gif","/img/Premiere-Light/rebeltrooper.gif"
"Premiere","Red Leader","images/LS/rebel.gif","Adds 2 to power of anything he pilots. When piloting Red 1, also adds 1 to maneuver and draws one battle destiny if not able to otherwise. Adds 1 to forfeit of each other Red Squadron pilot at same location.","R1","images/starwars/Premiere-Light/large/redleader.gif","/img/Premiere-Light/redleader.gif"
"Premiere","Shistavanen Wolfman","images/LS/alien.gif","May move to an adjacent site as a 'react'.","C2","images/starwars/Premiere-Light/large/shistavanenwolfman.gif","/img/Premiere-Light/shistavanenwolfman.gif"
"Premiere","Talz","images/LS/alien.gif","May forfeit in place of any other character hit by a weapon at same site, restoring that character to normal. Any Talz is power +2 under 'nighttime conditions'.","C2","images/starwars/Premiere-Light/large/talz.gif","/img/Premiere-Light/talz.gif"
"Premiere","WED-9-M1 'Bantha' Droid","images/LS/droid.gif","","R2","images/starwars/Premiere-Light/large/wed9m1banthadroid.gif","/img/Premiere-Light/wed9m1banthadroid.gif"
"Premiere","Wioslea","images/LS/alien.gif","","U1","images/starwars/Premiere-Light/large/wioslea.gif","/img/Premiere-Light/wioslea.gif"
"Premiere","Caller","images/LS/device.gif","Deploy on a Rebel or Jawa. During your control phase, may steal one droid at same site if it is controlled by a Restraining Bolt. After droid is stolen, Restraining Bolt returns to owner's hand.","U2","images/starwars/Premiere-Light/large/caller.gif","/img/Premiere-Light/caller.gif"
"Premiere","Electrobinoculars","images/LS/device.gif","Use 1 Force to deploy on any warrior. At any time, you may peek at the top card of your Reserve Deck by using 2 Force. You may choose to move that card to the top of your Force Pile.","C2","images/starwars/Premiere-Light/large/electrobinoculars.gif","/img/Premiere-Light/electrobinoculars.gif"
"Premiere","Fusion Generator Supply Tanks","images/LS/device.gif","Deploy on your starship at a system or sector where a related docking bay is on table. Adds 1 to hyperspeed, power and maneuver.","C2","images/starwars/Premiere-Light/large/fusiongeneratorsupplytanks.gif","/img/Premiere-Light/fusiongeneratorsupplytanks.gif"
"Premiere","Hydroponics Station","images/LS/device.gif","Use 1 Force to deploy on any exterior Tatooine site. Cannot be moved. The first Force you activate during your activate phase may be drawn into hand instead. If a Vaporator on table, the second Force you activate may also be drawn into hand.","U2","images/starwars/Premiere-Light/large/hydroponicsstation.gif","/img/Premiere-Light/hydroponicsstation.gif"
"Premiere","Restraining Bolt","images/LS/device.gif","Deploy on any droid at any site. Droid cannot move and cannot utilize its 'game text.' During your deploy phase, Restraining Bolt may be transferred (for free) to another droid at same site.","C2","images/starwars/Premiere-Light/large/restrainingbolt.gif","/img/Premiere-Light/restrainingbolt.gif"
"Premiere","Targeting Computer","images/LS/device.gif","Use 2 Force to deploy on any starship. Adds 1 to starship's maneuver. If this starship is using a weapon during a battle, you may fire that weapon twice, separately or combined. Subtract 1 from each destiny draw when firing.","U1","images/starwars/Premiere-Light/large/targetingcomputer.gif","/img/Premiere-Light/targetingcomputer.gif"
"Premiere","Tatooine Utility Belt","images/LS/device.gif","Use 1 Force to deploy on any Rebel or alien. While on Tatooine, that character's power and forfeit are +2.","C2","images/starwars/Premiere-Light/large/tatooineutilitybelt.gif","/img/Premiere-Light/tatooineutilitybelt.gif"
"Premiere","Vaporator","images/LS/device.gif","Use 1 Force to deploy on any Tatooine site. Cannot be moved. Protects all characters at same site, or an adjacent site, from Gravel Storm.","C2","images/starwars/Premiere-Light/large/vaporator.gif","/img/Premiere-Light/vaporator.gif"
"Premiere","A Tremor In The Force","images/LS/effect.gif","Once per game, during your deploy phase, 'insert' (face down) into opponent's Reserve Deck; reshuffle. When effect reaches top it is immediately lost, but opponent may not activate any more Force that turn. (Immune to Alter.)","U1","images/starwars/Premiere-Light/large/atremorintheforce.gif","/img/Premiere-Light/atremorintheforce.gif"
"Premiere","Affect Mind","images/LS/effect.gif","Use 1 Force to deploy on one of your Jedi. Unless a Dark Jedi is also present, opponent's total ability at same location is reduced by 2.","R1","images/starwars/Premiere-Light/large/affectmind.gif","/img/Premiere-Light/affectmind.gif"
"Premiere","Beggar","images/LS/effect.gif","Use 3 Force to deploy on any exterior Tatooine site (free at Beggar's Canyon). You may use any amount of Force in the opponent's Force Pile during your turns. However, if you use more than 1 of the opponent's Force in a turn, Beggar is lost.","R1","images/starwars/Premiere-Light/large/beggar.gif","/img/Premiere-Light/beggar.gif"
"Premiere","Crash Site Memorial","images/LS/effect.gif","Deploy on your side of table. If you just lost a vehicle, droid, weapon, or device, may stack it here. Once during your deploy phase, you may exchange any one card in hand with one card stacked here.","U1","images/starwars/Premiere-Light/large/crashsitememorial.gif","/img/Premiere-Light/crashsitememorial.gif"
"Premiere","Death Star Plans","images/LS/effect.gif","Deploy on any Death Star site(except docking bay). Target one of your droids(not on Death Star). When target reaches Utinni Effect, 'steal' plans. If target then moves to any Yavin 4 site, draw 3 destiny. Retrieve that much lost Force. Lose Utinni Effect.","R1","images/starwars/Premiere-Light/large/deathstarplans.gif","/img/Premiere-Light/deathstarplans.gif"
"Premiere","Demotion","images/LS/effect.gif","Use 2 Force to deploy on any Imperial except Vader, Emperor or a stormtrooper. That Imperial is power -2 and its game text is canceled.","R2","images/starwars/Premiere-Light/large/demotion.gif","/img/Premiere-Light/demotion.gif"
"Premiere","Disarmed","images/LS/effect.gif","If both players have a character with a weapon present at same site, deploy on that opponent's character during any control phase. Character loses all weapons, is power -1 and may no longer carry weapons. (Immune to Alter.)","R1","images/starwars/Premiere-Light/large/disarmed.gif","/img/Premiere-Light/disarmed.gif"
"Premiere","Ellorrs Madak","images/LS/effect.gif","Deploy on your non-pilot character (except droids) to give that character [Pilot] skill. Adds 2 to power of anything that character pilots. OR Deploy on your pilot. Adds 1 to power of anything that character pilots. (Immune to Alter.)","C2","images/starwars/Premiere-Light/large/ellorrsmadak.gif","/img/Premiere-Light/ellorrsmadak.gif"
"Premiere","Eyes In The Dark","images/LS/effect.gif","Deploy beside either player's Lost Pile. That pile is turned face down. Cards from that player's Life Force may not be viewed when they are lost.","U1","images/starwars/Premiere-Light/large/eyesinthedark.gif","/img/Premiere-Light/eyesinthedark.gif"
"Premiere","Jawa Siesta","images/LS/effect.gif","To deploy (on your side of table), requires 3 Force from both players' Force Piles. Cannot deploy otherwise. All your Jawas are forfeit +1.","U1","images/starwars/Premiere-Light/large/jawasiesta.gif","/img/Premiere-Light/jawasiesta.gif"
"Premiere","Kessel Run","images/LS/effect.gif","Deploy on Kessel. Target one of your smugglers at another system. X=parsec distance between the two systems. When target reaches Kessel, opponent draws destiny. If = 0, starship lost. Otherwise, by returning to first system, 'retrieve' X Lost Force.","R2","images/starwars/Premiere-Light/large/kesselrun.gif","/img/Premiere-Light/kesselrun.gif"
"Premiere","K'lor'slug","images/LS/effect.gif","Deploy on your side of table. For each unit of ability you have present during a battle, you may use 1 Force to raise your total power by 1. Ability used in this way cannot also be used to draw destiny.","R1","images/starwars/Premiere-Light/large/klorslug.gif","/img/Premiere-Light/klorslug.gif"
"Premiere","Lightsaber Proficiency","images/LS/effect.gif","","R1","images/starwars/Premiere-Light/large/lightsaberproficiency.gif","/img/Premiere-Light/lightsaberproficiency.gif"
"Premiere","Mantellian Savrip","images/LS/effect.gif","Use 3 Force to deploy on your side of table (free if C-3PO on table). After losing any battle: characters, starships and vehicles may be forfeited directly from your hand (for forfeit value) to reduce attrition or battle damage.","R2","images/starwars/Premiere-Light/large/mantelliansavrip.gif","/img/Premiere-Light/mantelliansavrip.gif"
"Premiere","Nightfall","images/LS/effect.gif","Deploy on any planet system to cause 'nighttime conditions' at related sites. During battles there, both sides add one destiny to power only. Spies deploy free to sites under 'nighttime conditions.'","U1","images/starwars/Premiere-Light/large/nightfall.gif","/img/Premiere-Light/nightfall.gif"
"Premiere","Obi-Wan's Cape","images/LS/effect.gif","","R1","images/starwars/Premiere-Light/large/obiwanscape.gif","/img/Premiere-Light/obiwanscape.gif"
"Premiere","Our Most Desperate Hour","images/LS/effect.gif","Deploy on Alderaan. Target one Rebel at Tatooine. When Target reaches Utinni Effect, retrieve one lost Force for each Force-Attuned character you have on table, two for each Force-Sensitive or Jedi. Lose Utinni Effect.","R1","images/starwars/Premiere-Light/large/ourmostdesperatehour.gif","/img/Premiere-Light/ourmostdesperatehour.gif"
"Premiere","Plastoid Armor","images/LS/effect.gif","Deploy on a Death Star site where a stormtrooper was just lost. Target one of your characters not on Death Star. When target reaches Utinni Effect, relocate to target. Target is now 'disguised:' gains spy skill, power and forfeit +2, and armor = 5.","U2","images/starwars/Premiere-Light/large/plastoidarmor.gif","/img/Premiere-Light/plastoidarmor.gif"
"Premiere","Rebel Planners","images/LS/effect.gif","Use 1 Force to deploy at Massassi War Room or any docking bay. Adds X to total power of your starships at the related system and related sectors, where X = the number of your starships present.","R2","images/starwars/Premiere-Light/large/rebelplanners.gif","/img/Premiere-Light/rebelplanners.gif"
"Premiere","Restricted Deployment","images/LS/effect.gif","Use 3 Force to deploy on opponent's side of table. All opponent's warriors are deploy +1.","U1","images/starwars/Premiere-Light/large/restricteddeployment.gif","/img/Premiere-Light/restricteddeployment.gif"
"Premiere","Revolution","images/LS/effect.gif","Use 3 Force to deploy on any location. Rotate the location so that icons and game texts switch direction. (If Expand the Empire present, it also switches.) If Revolution later canceled, location rotates back again.","R1","images/starwars/Premiere-Light/large/revolution.gif","/img/Premiere-Light/revolution.gif"
"Premiere","Rycar Ryjerd","images/LS/effect.gif","Deploy on any non-smuggler to give that character smuggler skill. OR Deploy on any smuggler. That character is power +1. (Immune to Alter.)","U1","images/starwars/Premiere-Light/large/rycarryjerd.gif","/img/Premiere-Light/rycarryjerd.gif"
"Premiere","Sai'torr Kal Fas","images/LS/effect.gif","Deploy on any non-warrior character (except droids) to give that character [Warrior] skill. OR Deploy on any warrior. That character is power +1. (Immune to Alter.)","C2","images/starwars/Premiere-Light/large/saitorrkalfas.gif","/img/Premiere-Light/saitorrkalfas.gif"
"Premiere","Special Modifications","images/LS/effect.gif","Use 1 Force to deploy on any starship to add 2 to its armor or maneuver. If on Falcon with Han, Lando or Chewie piloting, also adds 2 to power and forfeit.","U1","images/starwars/Premiere-Light/large/specialmodifications.gif","/img/Premiere-Light/specialmodifications.gif"
"Premiere","Traffic Control","images/LS/effect.gif","Use 1 Force to deploy on your side of table. During your control phase, you may return any cards from your hand to the top of your Used Pile.","U2","images/starwars/Premiere-Light/large/trafficcontrol.gif","/img/Premiere-Light/trafficcontrol.gif"
"Premiere","Tusken Breath Mask","images/LS/effect.gif","Deploy on any Tatooine site where you have just won a battle. Target one of your characters not at Tatooine. Upon reaching, target takes mask. While on Tatooine, target's power and forfeit are +2 and has immunity to attrition of exactly 3.","U1","images/starwars/Premiere-Light/large/tuskenbreathmask.gif","/img/Premiere-Light/tuskenbreathmask.gif"
"Premiere","Yavin Sentry","images/LS/effect.gif","Use 2 Force to deploy at any Yavin 4 site. Declare one of the following to affect that site and adjacent sites while 'sentry' present: Opponent's deploy +1. OR Opponent's ability required for battle destiny +1. OR Your total power +1.","U2","images/starwars/Premiere-Light/large/yavinsentry.gif","/img/Premiere-Light/yavinsentry.gif"
"Premiere","Yerka Mig","images/LS/effect.gif","Deploy at any location. You may move Mig like a character. Target an opponent's character, who may apprehend (cancel) Mig by reaching same location. Until then, during all battles at same and adjacent sites to Mig, opponent's total power is -1.","U1","images/starwars/Premiere-Light/large/yerkamig.gif","/img/Premiere-Light/yerkamig.gif"
"Premiere","A Few Maneuvers","images/LS/interrupt.gif","Add 2 to hyperspeed and maneuver of any starfighter for the remainder of this turn. (Interrupt may even affect the result immediately after a destiny draw targeting the starfighter's maneuver.)","C2","images/starwars/Premiere-Light/large/afewmaneuvers.gif","/img/Premiere-Light/afewmaneuvers.gif"
"Premiere","Alter","images/LS/interrupt.gif","","U1","images/starwars/Premiere-Light/large/alter.gif","/img/Premiere-Light/alter.gif"
"Premiere","Beru Stew","images/LS/interrupt.gif","Each player must immediately activate 2 Force. Also, you may activate 1 additional Force for each Beru Lars, Owen Lars or Hydroponics Station on table.","U2","images/starwars/Premiere-Light/large/berustew.gif","/img/Premiere-Light/berustew.gif"
"Premiere","Cantina Brawl","images/LS/interrupt.gif","Use 2 Force to cause a fight to break out in the Cantina. Both players draw destiny. All characters in Cantina with an ability number matching either destiny draw are lost.","R1","images/starwars/Premiere-Light/large/cantinabrawl.gif","/img/Premiere-Light/cantinabrawl.gif"
"Premiere","Collision!","images/LS/interrupt.gif","","C2","images/starwars/Premiere-Light/large/collision.gif","/img/Premiere-Light/collision.gif"
"Premiere","Combined Attack","images/LS/interrupt.gif","During a battle, target opponent's starship present with two (or more) of your starship weapons. Add all weapon destiny draws together. Apply that total separately for each weapon.","C2","images/starwars/Premiere-Light/large/combinedattack.gif","/img/Premiere-Light/combinedattack.gif"
"Premiere","Don't Get Cocky","images/LS/interrupt.gif","If Luke and Han are in a battle together, you may add two battle destiny. OR If opponent just initiated a battle at a system or sector, choose one TIE/ln present to be lost.","R1","images/starwars/Premiere-Light/large/dontgetcocky.gif","/img/Premiere-Light/dontgetcocky.gif"
"Premiere","Don't Underestimate Our Chances","images/LS/interrupt.gif","If an opponent has just initiated a battle, triple the resulting battle damage for the eventual loser. OR Triple the result of You Overestimate Their Chances.","C1","images/starwars/Premiere-Light/large/dontunderestimateourchances.gif","/img/Premiere-Light/dontunderestimateourchances.gif"
"Premiere","Droid Shutdown","images/LS/interrupt.gif","Cancel an attempt by opponent to target your droid to be stolen, 'hit,' lost or captured. Droid is protected from all such attempts for remainder of turn.","C2","images/starwars/Premiere-Light/large/droidshutdown.gif","/img/Premiere-Light/droidshutdown.gif"
"Premiere","Escape Pod","images/LS/interrupt.gif","Save all characters, weapons, and devices aboard any just-lost capital starship. Relocate them to any planet site.","U2","images/starwars/Premiere-Light/large/escapepod.gif","/img/Premiere-Light/escapepod.gif"
"Premiere","Friendly Fire","images/LS/interrupt.gif","","C2","images/starwars/Premiere-Light/large/friendlyfire.gif","/img/Premiere-Light/friendlyfire.gif"
"Premiere","Full Throttle","images/LS/interrupt.gif","If your pilot (or permanent pilot) is defending a battle alone at a system or sector, add one battle destiny. OR If Luke is defending a battle alone at a system or sector, add 1 to power and add one battle destiny.","R2","images/starwars/Premiere-Light/large/fullthrottle.gif","/img/Premiere-Light/fullthrottle.gif"
"Premiere","Gift Of The Mentor","images/LS/interrupt.gif","If Luke and Obi-Wan or Yoda are in a battle together, you may add two battle destiny. OR Use 1 Force to search through your Reserve Deck and take any one lightsaber into your hand. Shuffle deck, cut and replace.","R1","images/starwars/Premiere-Light/large/giftofthementor.gif","/img/Premiere-Light/giftofthementor.gif"
"Premiere","Han's Back","images/LS/interrupt.gif","If Han is lost, use 1 Force to retrieve him from the Lost Pile. OR Use 3 Force to search through your Reserve Deck and take Han into your hand. Shuffle deck, cut and replace.","U2","images/starwars/Premiere-Light/large/hansback.gif","/img/Premiere-Light/hansback.gif"
"Premiere","Han's Dice","images/LS/interrupt.gif","","C2","images/starwars/Premiere-Light/large/hansdice.gif","/img/Premiere-Light/hansdice.gif"
"Premiere","Hear Me Baby, Hold Together","images/LS/interrupt.gif","If opponent just targeted your starship with a starship weapon, subtract 2 from each of that weapon's destiny draws.","C2","images/starwars/Premiere-Light/large/hearmebabyholdtogether.gif","/img/Premiere-Light/hearmebabyholdtogether.gif"
"Premiere","Help Me Obi-Wan Kenobi","images/LS/interrupt.gif","If Obi-Wan is at a site you control, he may apply any amount of his ability toward drawing a battle destiny at any other location. Ability he uses this way cannot be used again this turn. OR One Rebel may move as a 'react' to an adjacent battle site.","R1","images/starwars/Premiere-Light/large/helpmeobiwankenobi.gif","/img/Premiere-Light/helpmeobiwankenobi.gif"
"Premiere","How Did We Get Into This Mess?","images/LS/interrupt.gif","If one of your droids is at the Dune Sea or where there is a Scomp link, use 1 Force to discard your entire hand to your Used Pile. Draw the same number of cards from your Reserve Deck. Draw one extra card if droid is C- 3PO or R2-D2.","U2","images/starwars/Premiere-Light/large/howdidwegetintothismess.gif","/img/Premiere-Light/howdidwegetintothismess.gif"
"Premiere","Hyper Escape","images/LS/interrupt.gif","Cancel a battle just initiated at any system or sector by moving all your starships and vehicles there away.","C2","images/starwars/Premiere-Light/large/hyperescape.gif","/img/Premiere-Light/hyperescape.gif"
"Premiere","Into The Garbage Chute, Flyboy","images/LS/interrupt.gif","If Trash Compactor is on table, cancel any battle just initiated at another Death Star site by moving (for free) all your characters involved to the Trash Compactor.","R2","images/starwars/Premiere-Light/large/intothegarbagechuteflyboy.gif","/img/Premiere-Light/intothegarbagechuteflyboy.gif"
"Premiere","It Could Be Worse","images/LS/interrupt.gif","If you must lose Force for any reason, reduce the loss by X amount by using X Force.","C2","images/starwars/Premiere-Light/large/itcouldbeworse.gif","/img/Premiere-Light/itcouldbeworse.gif"
"Premiere","I've Got A Bad Feeling About This","images/LS/interrupt.gif","If you just initiated a battle at a location where you have less power than the opponent, double opponent's battle damage if you win the battle (if Han is present at the battle location, triple opponent's battle damage).","C2","images/starwars/Premiere-Light/large/ivegotabadfeelingaboutthis.gif","/img/Premiere-Light/ivegotabadfeelingaboutthis.gif"
"Premiere","Jedi Presence","images/LS/interrupt.gif","If one of your Jedi is present during any battle, use 1 Force to cause all other Rebels there to battle at double power.","R1","images/starwars/Premiere-Light/large/jedipresence.gif","/img/Premiere-Light/jedipresence.gif"
"Premiere","Krayt Dragon Howl","images/LS/interrupt.gif","","R1","images/starwars/Premiere-Light/large/kraytdragonhowl.gif","/img/Premiere-Light/kraytdragonhowl.gif"
"Premiere","Leia's Back","images/LS/interrupt.gif","If Leia is lost, use 1 Force to retrieve her from the Lost Pile. OR Use 3 Force to search through your Reserve Deck and take Leia into your hand. Shuffle deck, cut and replace.","U2","images/starwars/Premiere-Light/large/leiasback.gif","/img/Premiere-Light/leiasback.gif"
"Premiere","Luke's Back","images/LS/interrupt.gif","If Luke is lost, use 1 Force to retrieve him from the Lost Pile. OR Use 3 Force to search through your Reserve Deck and take Luke into your hand. Shuffle deck, cut and replace.","U2","images/starwars/Premiere-Light/large/lukesback.gif","/img/Premiere-Light/lukesback.gif"
"Premiere","Move Along...","images/LS/interrupt.gif","Use 1 Force to temporarily suspend a battle just initiated at a site where one of your Jedi is present. Draw destiny. That number of opponent's characters with ability = 1 (your choice) must move away (for free), or are lost. Battle continues.","R1","images/starwars/Premiere-Light/large/movealong.gif","/img/Premiere-Light/movealong.gif"
"Premiere","Nabrun Leids","images/LS/interrupt.gif","At any time (except during battle), target any or all of your characters at one site to 'transport' (relocate) to any one other site. Draw destiny. Use that much Force to 'transport,' or place Interrupt in Lost Pile.","U2","images/starwars/Premiere-Light/large/nabrunleids.gif","/img/Premiere-Light/nabrunleids.gif"
"Premiere","Narrow Escape","images/LS/interrupt.gif","","C2","images/starwars/Premiere-Light/large/narrowescape.gif","/img/Premiere-Light/narrowescape.gif"
"Premiere","Noble Sacrifice","images/LS/interrupt.gif","If opponent just deployed a character, sacrifice (out of play) from table one of your characters with the same power (even a captured character). You may retrieve Force from Lost Pile equal to your sacrificed character's forfeit value.","R2","images/starwars/Premiere-Light/large/noblesacrifice.gif","/img/Premiere-Light/noblesacrifice.gif"
"Premiere","Old Ben","images/LS/interrupt.gif","Use 1 Force if any of your characters (except Obi-Wan) was just forfeited from a Tatooine site. Mysterious 'crazy wizard' steps in and revives (returns from Lost Pile) that character back to same site.","C2","images/starwars/Premiere-Light/large/oldben.gif","/img/Premiere-Light/oldben.gif"
"Premiere","On The Edge","images/LS/interrupt.gif","","R2","images/starwars/Premiere-Light/large/ontheedge.gif","/img/Premiere-Light/ontheedge.gif"
"Premiere","Out Of Nowhere","images/LS/interrupt.gif","","U2","images/starwars/Premiere-Light/large/outofnowhere.gif","/img/Premiere-Light/outofnowhere.gif"
"Premiere","Panic","images/LS/interrupt.gif","If opponent just initiated a battle where opponent has more than double your power, draw up to 3 cards from your Reserve Deck. Of those 3, deploy anywhere (for free) any characters, starships, vehicles, devices or weapons. Any others are lost.","U1","images/starwars/Premiere-Light/large/panic.gif","/img/Premiere-Light/panic.gif"
"Premiere","Radar Scanner","images/LS/interrupt.gif","If you have at least one vehicle or starship on table, use 1 Force to glance at the cards in the opponent's hand for 10 seconds. You may move each Jawa (except Dathcha) and Tusken Raider you find there to opponent's Used Pile.","C2","images/starwars/Premiere-Light/large/radarscanner.gif","/img/Premiere-Light/radarscanner.gif"
"Premiere","Rebel Barrier","images/LS/interrupt.gif","Use 1 Force to prevent any character or starship just deployed by the opponent from battling or moving for the remainder of this turn.","C2","images/starwars/Premiere-Light/large/rebelbarrier.gif","/img/Premiere-Light/rebelbarrier.gif"
"Premiere","Rebel Reinforcements","images/LS/interrupt.gif","Once per game, if opponent has more cards with ability on table than you, draw destiny and retrieve up to that number of Rebels and/or Rebel starships (may take on retrieved card into hand).","C1","images/starwars/Premiere-Light/large/rebelreinforcements.gif","/img/Premiere-Light/rebelreinforcements.gif"
"Premiere","Return Of A Jedi","images/LS/interrupt.gif","If Obi-Wan is lost, use 1 Force to retrieve him from the Lost Pile. OR Use 3 Force to search through your Reserve Deck and take Obi-Wan into your hand. Shuffle deck, cut and replace.","U2","images/starwars/Premiere-Light/large/returnofajedi.gif","/img/Premiere-Light/returnofajedi.gif"
"Premiere","Scomp Link Access","images/LS/interrupt.gif","If one of your 'R' unit droids is at any Scomp link, you may: glance at the cards in any Reserve Deck for 20 seconds. Shuffle, cut and replace. OR If also at a Death Star site, cancel We're All Gonna Be A Lot Thinner or Boring Conversation Anyway.","C2","images/starwars/Premiere-Light/large/scomplinkaccess.gif","/img/Premiere-Light/scomplinkaccess.gif"
"Premiere","Sense","images/LS/interrupt.gif","","U1","images/starwars/Premiere-Light/large/sense.gif","/img/Premiere-Light/sense.gif"
"Premiere","Skywalkers","images/LS/interrupt.gif","If Luke and Leia are in a battle together, you may add two battle destiny OR Cancel Imperial Barrier or Wrong Turn or Retract The Bridge.","R1","images/starwars/Premiere-Light/large/skywalkers.gif","/img/Premiere-Light/skywalkers.gif"
"Premiere","Solo Han","images/LS/interrupt.gif","If Han is defending a battle alone at a site, add two battle destiny. OR If any alien is defending a battle alone at a site, add one battle destiny.","R2","images/starwars/Premiere-Light/large/solohan.gif","/img/Premiere-Light/solohan.gif"
"Premiere","Spaceport Speeders","images/LS/interrupt.gif","Sell one of your vehicles or droids at Mos Eisley or same site as Wioslea. Draw two destiny (three destiny if vehicle is Luke's X-34 Landspeeder). The total is the 'offer,' which you must accept. Activate that much Force; then vehicle or droid is lost.","U2","images/starwars/Premiere-Light/large/spaceportspeeders.gif","/img/Premiere-Light/spaceportspeeders.gif"
"Premiere","Surprise Assault","images/LS/interrupt.gif","Use 1 Force to cancel a Force drain at one location. Draw one destiny for each character, starship and vehicle the opponent has present. Compare your destiny total to opponent's power total. Player with lowest total loses Force equal to the difference.","C1","images/starwars/Premiere-Light/large/surpriseassault.gif","/img/Premiere-Light/surpriseassault.gif"
"Premiere","Thank The Maker","images/LS/interrupt.gif","Use 1 Force during opponent's control phase if you have a droid on the table and were drained of at least 5 Force. Draw destiny. That number of cards are randomly selected and retrieved from your Lost Pile.","R2","images/starwars/Premiere-Light/large/thankthemaker.gif","/img/Premiere-Light/thankthemaker.gif"
"Premiere","The Bith Shuffle","images/LS/interrupt.gif","Shuffle any player's Reserve Deck or Lost Pile or Used Pile.","C2","images/starwars/Premiere-Light/large/thebithshuffle.gif","/img/Premiere-Light/thebithshuffle.gif"
"Premiere","The Force Is Strong With This One","images/LS/interrupt.gif","","R2","images/starwars/Premiere-Light/large/theforceisstrongwiththisone.gif","/img/Premiere-Light/theforceisstrongwiththisone.gif"
"Premiere","This Is All Your Fault","images/LS/interrupt.gif","Lose a droid to cancel all attrition against you at same site this turn. OR Re-target an opponent's weapon to one of your droids at same site as target. If droid is 'hit', use original target's forfeit number.","U1","images/starwars/Premiere-Light/large/thisisallyourfault.gif","/img/Premiere-Light/thisisallyourfault.gif"
"Premiere","Utinni!","images/LS/interrupt.gif","If one of your Jawas is at the same location as any Utinni Effect, 'steal' that Utinni Effect into your hand, to use or lose as your own. OR Cancel any Interrupt or Effect with 'Jawa' in the card name.","R1","images/starwars/Premiere-Light/large/utinni.gif","/img/Premiere-Light/utinni.gif"
"Premiere","Warrior's Courage","images/LS/interrupt.gif","If any warrior is defending a battle alone at a site, add one battle destiny. OR If Leia is defending a battle alone at a site, add two battle destiny.","R2","images/starwars/Premiere-Light/large/warriorscourage.gif","/img/Premiere-Light/warriorscourage.gif"
"Premiere","We're Doomed","images/LS/interrupt.gif","If you have less than 15 Life Force, play during opponent's control phase. For remainder of turn, each time you must lose Force, the loss is cut in half (round up). If R2-D2 or C-3PO on table, round down.","C2","images/starwars/Premiere-Light/large/weredoomed.gif","/img/Premiere-Light/weredoomed.gif"
"Premiere","Alderaan","images/LS/system.gif","","U2","images/starwars/Premiere-Light/large/alderaan.gif","/img/Premiere-Light/alderaan.gif"
"Premiere","Dantooine","images/LS/system.gif","","U1","images/starwars/Premiere-Light/large/dantooine.gif","/img/Premiere-Light/dantooine.gif"
"Premiere","Death Star: Detention Block Control Room","images/LS/site.gif","","U2","images/starwars/Premiere-Light/large/deathstardetentionblockcontrolroom.gif","/img/Premiere-Light/deathstardetentionblockcontrolroom.gif"
"Premiere","Death Star: Docking Bay 327","images/LS/site.gif","","C2","images/starwars/Premiere-Light/large/deathstardockingbay327.gif","/img/Premiere-Light/deathstardockingbay327.gif"
"Premiere","Death Star: Trash Compactor","images/LS/site.gif","","U1","images/starwars/Premiere-Light/large/deathstartrashcompactor.gif","/img/Premiere-Light/deathstartrashcompactor.gif"
"Premiere","Kessel","images/LS/system.gif","","U2","images/starwars/Premiere-Light/large/kessel.gif","/img/Premiere-Light/kessel.gif"
"Premiere","Tatooine","images/LS/system.gif","","C2","images/starwars/Premiere-Light/large/tatooine.gif","/img/Premiere-Light/tatooine.gif"
"Premiere","Tatooine: Docking Bay 94","images/LS/site.gif","","C2","images/starwars/Premiere-Light/large/tatooinedockingbay94.gif","/img/Premiere-Light/tatooinedockingbay94.gif"
"Premiere","Tatooine: Dune Sea","images/LS/site.gif","","C1","images/starwars/Premiere-Light/large/tatooinedunesea.gif","/img/Premiere-Light/tatooinedunesea.gif"
"Premiere","Tatooine: Jawa Camp","images/LS/site.gif","","C1","images/starwars/Premiere-Light/large/tatooinejawacamp.gif","/img/Premiere-Light/tatooinejawacamp.gif"
"Premiere","Tatooine: Lars' Moisture Farm","images/LS/site.gif","","C1","images/starwars/Premiere-Light/large/tatooinelarsmoisturefarm.gif","/img/Premiere-Light/tatooinelarsmoisturefarm.gif"
"Premiere","Tatooine: Mos Eisley","images/LS/site.gif","","U2","images/starwars/Premiere-Light/large/tatooinemoseisley.gif","/img/Premiere-Light/tatooinemoseisley.gif"
"Premiere","Tatooine: Obi-Wan's Hut","images/LS/site.gif","","R1","images/starwars/Premiere-Light/large/tatooineobiwanshut.gif","/img/Premiere-Light/tatooineobiwanshut.gif"
"Premiere","Yavin 4","images/LS/system.gif","","C2","images/starwars/Premiere-Light/large/yavin4.gif","/img/Premiere-Light/yavin4.gif"
"Premiere","Yavin 4: Docking Bay","images/LS/site.gif","","C1","images/starwars/Premiere-Light/large/yavin4dockingbay.gif","/img/Premiere-Light/yavin4dockingbay.gif"
"Premiere","Yavin 4: Jungle","images/LS/site.gif","","C2","images/starwars/Premiere-Light/large/yavin4jungle.gif","/img/Premiere-Light/yavin4jungle.gif"
"Premiere","Yavin 4: Massassi Throne Room","images/LS/site.gif","","R1","images/starwars/Premiere-Light/large/yavin4massassithroneroom.gif","/img/Premiere-Light/yavin4massassithroneroom.gif"
"Premiere","Yavin 4: Massassi War Room","images/LS/site.gif","","U2","images/starwars/Premiere-Light/large/yavin4massassiwarroom.gif","/img/Premiere-Light/yavin4massassiwarroom.gif"
"Premiere","Corellian Corvette","images/LS/starship.gif","May add 3 pilots, 4 passengers and 1 vehicle. Has ship-docking capability. Permanent pilot aboard provides ability of 1.","U2","images/starwars/Premiere-Light/large/corelliancorvette.gif","/img/Premiere-Light/corelliancorvette.gif"
"Premiere","Gold 1","images/LS/starship.gif","May add 2 pilots or passengers.","R2","images/starwars/Premiere-Light/large/gold1.gif","/img/Premiere-Light/gold1.gif"
"Premiere","Gold 5","images/LS/starship.gif","May add 2 pilots or passengers, and 1 astromech.","R2","images/starwars/Premiere-Light/large/gold5.gif","/img/Premiere-Light/gold5.gif"
"Premiere","Millennium Falcon","images/LS/starship.gif","","R1","images/starwars/Premiere-Light/large/millenniumfalcon.gif","/img/Premiere-Light/millenniumfalcon.gif"
"Premiere","Red 1","images/LS/starship.gif","May add 1 pilot.","U1","images/starwars/Premiere-Light/large/red1.gif","/img/Premiere-Light/red1.gif"
"Premiere","Red 3","images/LS/starship.gif","May add 1 pilot and 1 astromech.","R2","images/starwars/Premiere-Light/large/red3.gif","/img/Premiere-Light/red3.gif"
"Premiere","X-wing","images/LS/starship.gif","Permanent pilot aboard provides ability of 1.","C2","images/starwars/Premiere-Light/large/xwing.gif","/img/Premiere-Light/xwing.gif"
"Premiere","Y-wing","images/LS/starship.gif","May add 1 pilot or passenger. Permanent pilot aboard provides ability of 1.","C2","images/starwars/Premiere-Light/large/ywing.gif","/img/Premiere-Light/ywing.gif"
"Premiere","Lift Tube","images/LS/vehicle.gif","May carry 4 passengers. Deploy and move only at interior mobile sites. May move without presence aboard. Also, may move as a 'react' only to a battle or Force drain (if within range).","C2","images/starwars/Premiere-Light/large/lifttube.gif","/img/Premiere-Light/lifttube.gif"
"Premiere","Luke's X-34 Landspeeder","images/LS/vehicle.gif","May add 1 driver and 2 passengers. Moves free if Luke aboard. May move as a 'react.'","U2","images/starwars/Premiere-Light/large/lukesx34landspeeder.gif","/img/Premiere-Light/lukesx34landspeeder.gif"
"Premiere","Sandcrawler","images/LS/vehicle.gif","Deploys only to a Tatooine site. May add 1 driver and 7 passengers. May relocate only to planet sites. Adds 1 to forfeit of each Jawa at same exterior site.","R2","images/starwars/Premiere-Light/large/sandcrawler.gif","/img/Premiere-Light/sandcrawler.gif"
"Premiere","SoroSuub V-35 Landspeeder","images/LS/vehicle.gif","May add 1 driver and 3 passengers. Moves free if Owen Lars, Beru Lars or Luke aboard. May move as a 'react'.","C2","images/starwars/Premiere-Light/large/sorosuubv35landspeeder.gif","/img/Premiere-Light/sorosuubv35landspeeder.gif"
"Premiere","Blaster","images/LS/weapon.gif","","C2","images/starwars/Premiere-Light/large/blaster.gif","/img/Premiere-Light/blaster.gif"
"Premiere","Blaster Rifle","images/LS/weapon.gif","","C1","images/starwars/Premiere-Light/large/blasterrifle.gif","/img/Premiere-Light/blasterrifle.gif"
"Premiere","Han's Heavy Blaster Pistol","images/LS/weapon.gif","","R2","images/starwars/Premiere-Light/large/hansheavyblasterpistol.gif","/img/Premiere-Light/hansheavyblasterpistol.gif"
"Premiere","Jedi Lightsaber","images/LS/weapon.gif","","U1","images/starwars/Premiere-Light/large/jedilightsaber.gif","/img/Premiere-Light/jedilightsaber.gif"
"Premiere","Leia's Sporting Blaster","images/LS/weapon.gif","","U1","images/starwars/Premiere-Light/large/leiassportingblaster.gif","/img/Premiere-Light/leiassportingblaster.gif"
"Premiere","Obi-Wan's Lightsaber","images/LS/weapon.gif","","R1","images/starwars/Premiere-Light/large/obiwanslightsaber.gif","/img/Premiere-Light/obiwanslightsaber.gif"
"Premiere","Proton Torpedoes","images/LS/weapon.gif","","C2","images/starwars/Premiere-Light/large/protontorpedoes.gif","/img/Premiere-Light/protontorpedoes.gif"
"Premiere","Quad Laser Cannon","images/LS/weapon.gif","","U1","images/starwars/Premiere-Light/large/quadlasercannon.gif","/img/Premiere-Light/quadlasercannon.gif"
"Premiere","Tagge Seeker","images/LS/weapon.gif","","R2","images/starwars/Premiere-Light/large/taggeseeker.gif","/img/Premiere-Light/taggeseeker.gif"
"Premiere","Tarkin Seeker","images/LS/weapon.gif","","R2","images/starwars/Premiere-Light/large/tarkinseeker.gif","/img/Premiere-Light/tarkinseeker.gif"
"Premiere","Timer Mine","images/LS/weapon.gif","Deploy on opponent's side at same site as one of your mining droids. 'Explodes' at beginning of your next turn. Draw destiny. That number of opponent's characters there are immediately lost (owner's choice). Timer Mine is also lost.","C2","images/starwars/Premiere-Light/large/timermine.gif","/img/Premiere-Light/timermine.gif"
"Premiere","5D6-RA-7 (Fivedesix)","images/DS/droid.gif","Power +1 if at same site as Motti or Yularen. Deploy +1 for all opponent's droids (and your 'mouse' droids) at same location. Immune to attrition during 'nighttime conditions.'","R1","images/starwars/Premiere-Dark/large/5d6ra7.gif","/img/Premiere-Dark/5d6ra7.gif"
"Premiere","Admiral Motti","images/DS/imperial.gif","Deploys -2 if at least two Imperial starships on table. Adds 2 to power of anything he pilots. Subtracts 1 from forfeit of Rebel pilots at same system.","R2","images/starwars/Premiere-Dark/large/admiralmotti.gif","/img/Premiere-Dark/admiralmotti.gif"
"Premiere","Chief Bast","images/DS/imperial.gif","Adds 2 to power of anything he pilots. Power +1 if at same site as Tarkin. If a battle was just initiated where Bast is aboard a starship, he may 'evacuate' (relocate) with one other non-droid character present to a related site.","U1","images/starwars/Premiere-Dark/large/chiefbast.gif","/img/Premiere-Dark/chiefbast.gif"
"Premiere","Colonel Wullf Yularen","images/DS/imperial.gif","Power +1 if at the same site with Tarkin, Chief Bast or General Dodonna.","U1","images/starwars/Premiere-Dark/large/colonelwullfyularen.gif","/img/Premiere-Dark/colonelwullfyularen.gif"
"Premiere","Commander Praji","images/DS/imperial.gif","Adds 2 to power of anything he pilots. When piloting Devastator, also adds 1 to hyperspeed. Where present, cancels game text of C-3PO or R2-D2.","U2","images/starwars/Premiere-Dark/large/commanderpraji.gif","/img/Premiere-Dark/commanderpraji.gif"
"Premiere","Darth Vader","images/DS/imperial.gif","","R1","images/starwars/Premiere-Dark/large/darthvader.gif","/img/Premiere-Dark/darthvader.gif"
"Premiere","Dathcha","images/DS/alien.gif","To deploy, requires 2 Force from each players' Force Pile. Cannot deploy otherwise. Deploy only on Tatooine, but may move elsewhere. Power +2 at non-Tatooine sites.","U1","images/starwars/Premiere-Dark/large/dathcha.gif","/img/Premiere-Dark/dathcha.gif"
"Premiere","Death Star Trooper","images/DS/imperial.gif","Deploy only on Death Star, but may move elsewhere. Power -1 at a site other than a Death Star site.","C2","images/starwars/Premiere-Dark/large/deathstartrooper.gif","/img/Premiere-Dark/deathstartrooper.gif"
"Premiere","Djas Puhr","images/DS/alien.gif","","R2","images/starwars/Premiere-Dark/large/djaspuhr.gif","/img/Premiere-Dark/djaspuhr.gif"
"Premiere","Dr. Evazan","images/DS/alien.gif","Adds 2 to power of anything he pilots. The not-so-good doctor may 'operate' on any other character present that was just 'hit' or just Disarmed; 'patient' is lost.","R2","images/starwars/Premiere-Dark/large/drevazan.gif","/img/Premiere-Dark/drevazan.gif"
"Premiere","DS-61-2","images/DS/imperial.gif","Adds 3 to power of anything he pilots. When piloting Black 2, also adds 1 to maneuver and may draw one battle destiny if not able to otherwise.","U1","images/starwars/Premiere-Dark/large/ds612.gif","/img/Premiere-Dark/ds612.gif"
"Premiere","DS-61-3","images/DS/imperial.gif","Adds 3 to power of anything he pilots. When piloting Black 3, also adds 1 to maneuver and may draw one battle destiny if not able to otherwise.","R1","images/starwars/Premiere-Dark/large/ds613.gif","/img/Premiere-Dark/ds613.gif"
"Premiere","EG-6 (Eegee-Six)","images/DS/droid.gif","Power +1 for each droid present, except power droids. Destiny equals zero, but if drawn as a battle destiny where you have less power than opponent, your total power present is doubled (once per battle).","U2","images/starwars/Premiere-Dark/large/eg6.gif","/img/Premiere-Dark/eg6.gif"
"Premiere","Feltipern Trevagg","images/DS/alien.gif","While no droid present with Trevagg, to initiate battles at same location as Trevagg, player must use X Force, where X = total number of [Dark Side Force] and [Light Side Force] present.","U1","images/starwars/Premiere-Dark/large/feltiperntrevagg.gif","/img/Premiere-Dark/feltiperntrevagg.gif"
"Premiere","Garindan","images/DS/alien.gif","","R2","images/starwars/Premiere-Dark/large/garindan.gif","/img/Premiere-Dark/garindan.gif"
"Premiere","General Tagge","images/DS/imperial.gif","Tagge's forfeit +1 for each Imperial trooper, of any kind, present with him at a site.","R2","images/starwars/Premiere-Dark/large/generaltagge.gif","/img/Premiere-Dark/generaltagge.gif"
"Premiere","Grand Moff Tarkin","images/DS/imperial.gif","Adds 2 to power of anything he pilots. When with Vader in a battle, once per battle may cancel one opponent's destiny just drawn.","R1","images/starwars/Premiere-Dark/large/grandmofftarkin.gif","/img/Premiere-Dark/grandmofftarkin.gif"
"Premiere","Imperial Pilot","images/DS/imperial.gif","Adds 2 to power of anything he pilots.","C2","images/starwars/Premiere-Dark/large/imperialpilot.gif","/img/Premiere-Dark/imperialpilot.gif"
"Premiere","Imperial Trooper Guard","images/DS/imperial.gif","Power +4 when defending a battle. Cannot move.","C2","images/starwars/Premiere-Dark/large/imperialtrooperguard.gif","/img/Premiere-Dark/imperialtrooperguard.gif"
"Premiere","Jawa","images/DS/alien.gif","To deploy, requires 1 Force from each players' Force Pile. Cannot deploy otherwise. Deploy only on Tatooine, but may move elsewhere.","C2","images/starwars/Premiere-Dark/large/jawa.gif","/img/Premiere-Dark/jawa.gif"
"Premiere","Kitik Keed'kak","images/DS/alien.gif","Immediately lost if at same site as overprotective mother, Kal'Faln C'ndros. Cannot board starfighters or enclosed vehicles.","R1","images/starwars/Premiere-Dark/large/kitikkeedkak.gif","/img/Premiere-Dark/kitikkeedkak.gif"
"Premiere","Labria","images/DS/alien.gif","Once each turn, during your control phase, you may reveal the top card of your Reserve Deck to both players. If it is a vehicle or starship, card is immediately lost. Otherwise, return it to the top of your Reserve Deck, Force Pile or Used Pile.","R2","images/starwars/Premiere-Dark/large/labria.gif","/img/Premiere-Dark/labria.gif"
"Premiere","Lieutenant Tanbris","images/DS/imperial.gif","Deploy -1 for starship weapons of any starship he pilots. Adds 2 to power of anything he pilots. Subtracts 1 from maneuver of any starfighter he pilots.","U2","images/starwars/Premiere-Dark/large/lieutenanttanbris.gif","/img/Premiere-Dark/lieutenanttanbris.gif"
"Premiere","LIN-V8M (Elleyein-Veeateemm)","images/DS/droid.gif","At any time during your turn, may use 1 Force to 'defuse' (lose) any one mine at same site.","C1","images/starwars/Premiere-Dark/large/linv8m.gif","/img/Premiere-Dark/linv8m.gif"
"Premiere","M'iiyoom Onith","images/DS/alien.gif","Once during each of your control phases, may reveal opponent's hand by using X Force, where X = number of cards in opponent's hand. All unique () male Rebels and unique () male aliens there are lost.","U2","images/starwars/Premiere-Dark/large/miiyoomonith.gif","/img/Premiere-Dark/miiyoomonith.gif"
"Premiere","MSE-6 'Mouse' Droid","images/DS/droid.gif","Deploy on any Character targeted by an Utinni Effect. Move 'mouse' droid, instead of that Character, to pick up Utinni Effect and bring back to be fulfilled or canceled. Landspeed = 3. Upon delivery, 'mouse' droid returns to your hand.","U1","images/starwars/Premiere-Dark/large/mse6mousedroid.gif","/img/Premiere-Dark/mse6mousedroid.gif"
"Premiere","Myo","images/DS/alien.gif","Power +1 if present with Lirin Car'n or any bounty hunter. If lost or forfeited as a result of a battle, Myo 'regenerates' (place on top of your Used Pile).","R2","images/starwars/Premiere-Dark/large/myo.gif","/img/Premiere-Dark/myo.gif"
"Premiere","Ponda Baba","images/DS/alien.gif","Power +3 when battling at same site as Dr. Evazan, unless opponent has a lightsaber present. Adds 2 to power of anything he pilots.","U1","images/starwars/Premiere-Dark/large/pondababa.gif","/img/Premiere-Dark/pondababa.gif"
"Premiere","Prophetess","images/DS/alien.gif","","U1","images/starwars/Premiere-Dark/large/prophetess.gif","/img/Premiere-Dark/prophetess.gif"
"Premiere","R1-G4 (Arone-Geefour)","images/DS/droid.gif","","C2","images/starwars/Premiere-Dark/large/r1g4.gif","/img/Premiere-Dark/r1g4.gif"
"Premiere","R4-M9 (Arfour-Emmnine)","images/DS/droid.gif","While aboard a non-creature vehicle, adds 1 to power, maneuver and landspeed. May drive transport vehicles.","C2","images/starwars/Premiere-Dark/large/r4m9.gif","/img/Premiere-Dark/r4m9.gif"
"Premiere","Stormtrooper","images/DS/imperial.gif","","C3","images/starwars/Premiere-Dark/large/stormtrooper.gif","/img/Premiere-Dark/stormtrooper.gif"
"Premiere","Tonnika Sisters","images/DS/alien.gif","Twice during each of your control phases, may use 2 Force to draw 2 destiny for 2 chances at a destiny = 2. If successful, may steal or destroy up to 2 weapons or 2 devices present.","R1","images/starwars/Premiere-Dark/large/tonnikasisters.gif","/img/Premiere-Dark/tonnikasisters.gif"
"Premiere","Tusken Raider","images/DS/alien.gif","Deploys only on Tatooine. Power +1 if another non-unique Tusken Raider present. If you have four or more non-unique Tusken Raiders present, your total power here is +2.","C2","images/starwars/Premiere-Dark/large/tuskenraider.gif","/img/Premiere-Dark/tuskenraider.gif"
"Premiere","WED15-I662 'Treadwell' Droid","images/DS/droid.gif","","R2","images/starwars/Premiere-Dark/large/wed151662treadwelldroid.gif","/img/Premiere-Dark/wed151662treadwelldroid.gif"
"Premiere","Wuher","images/DS/alien.gif","If at the beginning of your control phase any weapons or droids are present at same site, all of them are lost. If in the Cantina, all weapons and droids there are immediately lost.","U2","images/starwars/Premiere-Dark/large/wuher.gif","/img/Premiere-Dark/wuher.gif"
"Premiere","Blaster Scope","images/DS/device.gif","Deploy on your blaster. Scope allows that weapon to target at an adjacent site.","U1","images/starwars/Premiere-Dark/large/blasterscope.gif","/img/Premiere-Dark/blasterscope.gif"
"Premiere","Caller","images/DS/device.gif","Deploy on Imperial or Jawa. During your control phase, may steal one droid at same site if it is controlled by a Restraining Bolt. After droid is stolen, Restraining Bolt returns to owner's hand.","U2","images/starwars/Premiere-Dark/large/caller.gif","/img/Premiere-Dark/caller.gif"
"Premiere","Comlink","images/DS/device.gif","Use 1 Force to deploy on any character. If opponent has just initiated a battle or Force drain at Comlink's location or an adjacent site, you may 'react' by deploying cards (at normal use of the Force) to that battle or Force drain location.","C1","images/starwars/Premiere-Dark/large/comlink.gif","/img/Premiere-Dark/comlink.gif"
"Premiere","Droid Detector","images/DS/device.gif","Deploy at any interior site. Cannot be moved. Droids may not deploy to same site. Following the turn this device is deployed, all droids present are lost at end of any turn.","C2","images/starwars/Premiere-Dark/large/droiddetector.gif","/img/Premiere-Dark/droiddetector.gif"
"Premiere","Fusion Generator Supply Tanks","images/DS/device.gif","Deploy on your starship at a system or sector where a related docking bay is on table. Adds 1 to hyperspeed, power and maneuver.","C2","images/starwars/Premiere-Dark/large/fusiongeneratorsupplytanks.gif","/img/Premiere-Dark/fusiongeneratorsupplytanks.gif"
"Premiere","Observation Holocam","images/DS/device.gif","Deploy at any site. Cannot be moved. You may either: Add 1 to weapon destiny for each of your automated weapons there or at adjacent sites. OR A character at an adjacent site you control may add its power to a battle at holocam's site.","U2","images/starwars/Premiere-Dark/large/observationholocam.gif","/img/Premiere-Dark/observationholocam.gif"
"Premiere","Restraining Bolt","images/DS/device.gif","Deploy on any droid at any site. Droid cannot move and cannot utilize its 'game text.' During your deploy phase, Restraining Bolt may be transfered (for free) to another droid at same site.","C2","images/starwars/Premiere-Dark/large/restrainingbolt.gif","/img/Premiere-Dark/restrainingbolt.gif"
"Premiere","Stormtrooper Backpack","images/DS/device.gif","","C2","images/starwars/Premiere-Dark/large/stormtrooperbackpack.gif","/img/Premiere-Dark/stormtrooperbackpack.gif"
"Premiere","Stormtrooper Utility Belt","images/DS/device.gif","Use 1 Force to deploy on any Imperial or alien. Character's power and forfeit are +1. If on Death Star, power and forfeit are +2.","C2","images/starwars/Premiere-Dark/large/stormtrooperutilitybelt.gif","/img/Premiere-Dark/stormtrooperutilitybelt.gif"
"Premiere","A Disturbance In The Force","images/DS/effect.gif","Once per game, during your deploy phase, 'insert' (face down) into opponent's Reserve Deck; reshuffle. When effect reaches top it is immediately lost, but opponent may not activate any more Force that turn. (Immune to Alter.)","U1","images/starwars/Premiere-Dark/large/adisturbanceintheforce.gif","/img/Premiere-Dark/adisturbanceintheforce.gif"
"Premiere","Baniss Keeg","images/DS/effect.gif","Deploy on your non-pilot character (except droids) to give that character [Pilot] skill.  Adds 2 to power of anything that character pilots. OR Deploy on your pilot. Adds 1 to power of anything that character pilots. (Immune to Alter.)","C2","images/starwars/Premiere-Dark/large/banisskeeg.gif","/img/Premiere-Dark/banisskeeg.gif"
"Premiere","Blast Door Controls","images/DS/effect.gif","Deploy on your side of table. Cancels: Into The Garbage Chute, Flyboy; Narrow Escape; Blast The Door, Kid!; and Rebel Barrier.","U2","images/starwars/Premiere-Dark/large/blastdoorcontrols.gif","/img/Premiere-Dark/blastdoorcontrols.gif"
"Premiere","Blaster Rack","images/DS/effect.gif","Deploy on your side of table. At any time, you may transfer one of your character weapons from any site to the Blaster Rack. During your deploy phase, weapon may be transferred to your character on table for an expenditure of Force equal to the weapon's deploy cost.","U1","images/starwars/Premiere-Dark/large/blasterrack.gif","/img/Premiere-Dark/blasterrack.gif"
"Premiere","Dark Hours","images/DS/effect.gif","","U2","images/starwars/Premiere-Dark/large/darkhours.gif","/img/Premiere-Dark/darkhours.gif"
"Premiere","Death Star Sentry","images/DS/effect.gif","Use 2 Force to deploy on any Death Star site. Declare one of the following to affect that site and adjacent sites while 'sentry' present: Opponent's deploy +1. OR Opponent's ability required for battle destiny +1. OR Your total power +1.","U1","images/starwars/Premiere-Dark/large/deathstarsentry.gif","/img/Premiere-Dark/deathstarsentry.gif"
"Premiere","Disarmed","images/DS/effect.gif","If both players have a character with a weapon present at same site, deploy on that opponent's character during any control phase. Character loses all weapons, is power -1 and may no longer carry weapons. (Immune to Alter.)","R1","images/starwars/Premiere-Dark/large/disarmed.gif","/img/Premiere-Dark/disarmed.gif"
"Premiere","Expand The Empire","images/DS/effect.gif","Deploy on any site. 'Expands' your 'game text' for that site to add to your 'game text' at the adjacent sites.","R1","images/starwars/Premiere-Dark/large/expandtheempire.gif","/img/Premiere-Dark/expandtheempire.gif"
"Premiere","Fear Will Keep Them In Line","images/DS/effect.gif","Deploy on any capital starship. When that starship is at a system or sector you control, your total power is +1 in battles at related sites.","R2","images/starwars/Premiere-Dark/large/fearwillkeeptheminline.gif","/img/Premiere-Dark/fearwillkeeptheminline.gif"
"Premiere","I Find Your Lack Of Faith Disturbing","images/DS/effect.gif","Use 1 Force to deploy on one of your Dark Jedi. Opponent's total ability at same location is reduced by 2, unless an opponent's Jedi is also present.","R1","images/starwars/Premiere-Dark/large/ifindyourlackoffaithdisturbing.gif","/img/Premiere-Dark/ifindyourlackoffaithdisturbing.gif"
"Premiere","I've Lost Artoo!","images/DS/effect.gif","","U1","images/starwars/Premiere-Dark/large/ivelostartoo.gif","/img/Premiere-Dark/ivelostartoo.gif"
"Premiere","Jawa Pack","images/DS/effect.gif","To deploy (on your side of table), requires 3 Force from both players' Force Piles. Cannot deploy otherwise. All your Jawas are forfeit +1.","U1","images/starwars/Premiere-Dark/large/jawapack.gif","/img/Premiere-Dark/jawapack.gif"
"Premiere","Juri Juice","images/DS/effect.gif","Deploy on any alien if Cantina, Mos Eisley or Jabba's Sail Barge on table. That alien may not use ability in battles (if Kabe, she also cannot 'steal'). Utinni Effect canceled by moving that alien to one of those sites without 'driving' a vehicle.","R2","images/starwars/Premiere-Dark/large/jurijuice.gif","/img/Premiere-Dark/jurijuice.gif"
"Premiere","Ket Maliss","images/DS/effect.gif","Deploy on any non-warrior character (except droids) to give that character [Warrior] skill. OR Deploy on any warrior. That character is power +1. (Immune to Alter.)","C2","images/starwars/Premiere-Dark/large/ketmaliss.gif","/img/Premiere-Dark/ketmaliss.gif"
"Premiere","Lateral Damage","images/DS/effect.gif","","R2","images/starwars/Premiere-Dark/large/lateraldamage.gif","/img/Premiere-Dark/lateraldamage.gif"
"Premiere","Luke? Luuuuke!","images/DS/effect.gif","Deploy on any Tatooine site. Target any Rebel. Target is power and forfeit -1 (-3 if target is Luke). If Rebel's forfeit reaches zero, Rebel is lost. Utinni Effect canceled when reached by target.","U1","images/starwars/Premiere-Dark/large/lukeluuuuke.gif","/img/Premiere-Dark/lukeluuuuke.gif"
"Premiere","Macroscan","images/DS/effect.gif","Use 2 Force to deploy near opponent's Reserve Deck. At any time, you may use 1 Force to peek at the top card of that deck. If 'nighttime conditions' exist anywhere on table, you may peek at the top three cards.","C2","images/starwars/Premiere-Dark/large/macroscan.gif","/img/Premiere-Dark/macroscan.gif"
"Premiere","Molator","images/DS/effect.gif","Deploy on your side of table. For each unit of ability you have present during a battle, you may use 1 Force to raise your total power by 1. Ability used in this way cannot also be used to draw destiny.","R1","images/starwars/Premiere-Dark/large/molator.gif","/img/Premiere-Dark/molator.gif"
"Premiere","Organa's Ceremonial Necklace","images/DS/effect.gif","Deploy on any Yavin 4 site. Target one Imperial. When Imperial reaches target site, 'steal' necklace. Whenever necklace is present during Force drain: add 1 to Force drain and may then pass (for free) to an adjacent site you control (if any), and so on.","R1","images/starwars/Premiere-Dark/large/organasceremonialnecklace.gif","/img/Premiere-Dark/organasceremonialnecklace.gif"
"Premiere","Presence Of The Force","images/DS/effect.gif","Deploy on any location to add one [Dark Side Force] and one [Light Side Force].","R1","images/starwars/Premiere-Dark/large/presenceoftheforce.gif","/img/Premiere-Dark/presenceoftheforce.gif"
"Premiere","Reactor Terminal","images/DS/effect.gif","Use 1 Force to deploy on your side of table. During your control phase, you may return any cards from your hand to the top of your Used Pile.","U2","images/starwars/Premiere-Dark/large/reactorterminal.gif","/img/Premiere-Dark/reactorterminal.gif"
"Premiere","Send A Detachment Down","images/DS/effect.gif","Use 2 Force to deploy on any Tatooine site (except docking bay). Target any trooper on Death Star. When target reaches Utinni Effect, attrition +1 against opponent in all Tatooine battles as long as target remains at same site as Utinni Effect.","R1","images/starwars/Premiere-Dark/large/sendadetachmentdown.gif","/img/Premiere-Dark/sendadetachmentdown.gif"
"Premiere","Sunsdown","images/DS/effect.gif","Deploy on any planet system to cause 'nighttime conditions' at related sites. During battles there, both sides add one destiny to power only. Spies deploy free to sites under 'nighttime conditions.'","U1","images/starwars/Premiere-Dark/large/sunsdown.gif","/img/Premiere-Dark/sunsdown.gif"
"Premiere","Tactical Re-Call","images/DS/effect.gif","Deploy on any Yavin 4 site immediately after winning a battle elsewhere. Target a warrior involved in that battle. Target's power and forfeit are -2 (-3 if Leia) until target reaches this Utinni Effect (which is then canceled).","R2","images/starwars/Premiere-Dark/large/tacticalrecall.gif","/img/Premiere-Dark/tacticalrecall.gif"
"Premiere","Wrong Turn","images/DS/effect.gif","Use 3 Force to deploy on opponent's side of table. All opponent's warriors are deploy +1.","U1","images/starwars/Premiere-Dark/large/wrongturn.gif","/img/Premiere-Dark/wrongturn.gif"
"Premiere","Your Eyes Can Deceive You","images/DS/effect.gif","Deploy beside either player's Lost Pile. That pile is turned face down. Cards from that player's Life Force may not be viewed when they are lost.","U1","images/starwars/Premiere-Dark/large/youreyescandeceiveyou.gif","/img/Premiere-Dark/youreyescandeceiveyou.gif"
"Premiere","Alter","images/DS/interrupt.gif","","U1","images/starwars/Premiere-Dark/large/alter.gif","/img/Premiere-Dark/alter.gif"
"Premiere","Boring Conversation Anyway","images/DS/interrupt.gif","Cancel either: Report To Lord Vader, Scomp Link Access, Rebel Planners, Rebel Reinforcements, Gift of the Mentor, Panic, Don't Get Cocky, Skywalkers, Demotion, Combined Attack or Surprise Assault.","R1","images/starwars/Premiere-Dark/large/boringconversationanyway.gif","/img/Premiere-Dark/boringconversationanyway.gif"
"Premiere","Charming To The Last","images/DS/interrupt.gif","","R2","images/starwars/Premiere-Dark/large/charmingtothelast.gif","/img/Premiere-Dark/charmingtothelast.gif"
"Premiere","Collateral Damage","images/DS/interrupt.gif","","C2","images/starwars/Premiere-Dark/large/collateraldamage.gif","/img/Premiere-Dark/collateraldamage.gif"
"Premiere","Counter Assault","images/DS/interrupt.gif","Use 1 Force to cancel a Force drain at one location. Draw one destiny for each character, starship and vehicle the opponent has present. Compare your destiny total to opponent's power total. Player with lowest total loses Force equal to the difference.","C1","images/starwars/Premiere-Dark/large/counterassault.gif","/img/Premiere-Dark/counterassault.gif"
"Premiere","Dark Collaboration","images/DS/interrupt.gif","If Tarkin and either Tagge or Motti are in a battle together, you may add two battle destiny. OR Cancel Restricted Deployment or Rebel Barrier.","R1","images/starwars/Premiere-Dark/large/darkcollaboration.gif","/img/Premiere-Dark/darkcollaboration.gif"
"Premiere","Dark Jedi Presence","images/DS/interrupt.gif","If one of your Dark Jedi is present during any battle, use 1 Force to cause all other Imperials there to battle at double power.","R1","images/starwars/Premiere-Dark/large/darkjedipresence.gif","/img/Premiere-Dark/darkjedipresence.gif"
"Premiere","Dark Maneuvers","images/DS/interrupt.gif","Add 2 to maneuver and 1 to power of any starfighter for the remainder of this turn. If it has hyperdrive, also add 2 to hyperspeed. (Interrupt may even affect the result immediately after a destiny draw targeting the starfighter's maneuver.)","C2","images/starwars/Premiere-Dark/large/darkmaneuvers.gif","/img/Premiere-Dark/darkmaneuvers.gif"
"Premiere","Dead Jawa","images/DS/interrupt.gif","","C2","images/starwars/Premiere-Dark/large/deadjawa.gif","/img/Premiere-Dark/deadjawa.gif"
"Premiere","Elis Helrot","images/DS/interrupt.gif","At any time (except during battle), target any or all of your characters at one site to 'transport' (relocate) to any one other site. Draw destiny. Use that much Force to 'transport,' or place Interrupt in Lost Pile.","U2","images/starwars/Premiere-Dark/large/elishelrot.gif","/img/Premiere-Dark/elishelrot.gif"
"Premiere","Emergency Deployment","images/DS/interrupt.gif","If opponent just initiated a battle where opponent has more than double your power, draw up to 3 cards from your Reserve Deck. Of those 3, deploy anywhere (for free) any Characters, starships, vehicles, devices or weapons. Any others are lost.","U1","images/starwars/Premiere-Dark/large/emergencydeployment.gif","/img/Premiere-Dark/emergencydeployment.gif"
"Premiere","Evacuate?","images/DS/interrupt.gif","Unless Tarkin is aboard, save all characters, weapons and devices aboard any just-lost capital starship. Relocate them to any one planet site or one of your capital starships.","U2","images/starwars/Premiere-Dark/large/evacuate.gif","/img/Premiere-Dark/evacuate.gif"
"Premiere","Full Scale Alert","images/DS/interrupt.gif","","U2","images/starwars/Premiere-Dark/large/fullscalealert.gif","/img/Premiere-Dark/fullscalealert.gif"
"Premiere","Gravel Storm","images/DS/interrupt.gif","","U2","images/starwars/Premiere-Dark/large/gravelstorm.gif","/img/Premiere-Dark/gravelstorm.gif"
"Premiere","I Have You Now","images/DS/interrupt.gif","","R2","images/starwars/Premiere-Dark/large/ihaveyounow.gif","/img/Premiere-Dark/ihaveyounow.gif"
"Premiere","Imperial Barrier","images/DS/interrupt.gif","Use 1 Force to prevent any character or starship just deployed by the opponent from battling or moving for the remainder of this turn.","C2","images/starwars/Premiere-Dark/large/imperialbarrier.gif","/img/Premiere-Dark/imperialbarrier.gif"
"Premiere","Imperial Code Cylinder","images/DS/interrupt.gif","If any Imperial leader is present with a Scomp link, you may: Glance at the cards in any Reserve Deck for 20 seconds. Shuffle, cut and replace. OR If also at a Death Star site, cancel Scomp Link Access or Into The Garbage Chute, Flyboy.","C2","images/starwars/Premiere-Dark/large/imperialcodecylinder.gif","/img/Premiere-Dark/imperialcodecylinder.gif"
"Premiere","Imperial Reinforcements","images/DS/interrupt.gif","If opponent has more total characters and starships on table than you have, use 1 Force to draw destiny. Retrieve that number of Stormtroopers and/or TIE/lns.","C1","images/starwars/Premiere-Dark/large/imperialreinforcements.gif","/img/Premiere-Dark/imperialreinforcements.gif"
"Premiere","It's Worse","images/DS/interrupt.gif","If It Could Be Worse was just played, it is canceled and you may use X Force to raise damage against opponent by X amount. OR If opponent just lost Force from a battle, play to increase loss by 1 Force.","C2","images/starwars/Premiere-Dark/large/itsworse.gif","/img/Premiere-Dark/itsworse.gif"
"Premiere","I've Got A Problem Here","images/DS/interrupt.gif","","C2","images/starwars/Premiere-Dark/large/ivegotaproblemhere.gif","/img/Premiere-Dark/ivegotaproblemhere.gif"
"Premiere","Kintan Strider","images/DS/interrupt.gif","If opponent just forfeited or lost a character, use 1 Force to regenerate one of your own characters. Retrieve the character closest to the top of your Lost Pile into your hand.","C1","images/starwars/Premiere-Dark/large/kintanstrider.gif","/img/Premiere-Dark/kintanstrider.gif"
"Premiere","Limited Resources","images/DS/interrupt.gif","If the opponent has two cards or less in hand, opponent must immediately lose 2 Force (4 Force if it is your turn). If the opponent has Fusion Generator Supply Tanks aboard a starship, loss is reduced by 2.","U2","images/starwars/Premiere-Dark/large/limitedresources.gif","/img/Premiere-Dark/limitedresources.gif"
"Premiere","Local Trouble","images/DS/interrupt.gif","Use 1 Force at the beginning of your battle phase to allow any two Stormtroopers in the Cantina to battle any one opponent's character (your choice). You may add one battle destiny. No other battles may occur in Cantina this turn.","R1","images/starwars/Premiere-Dark/large/localtrouble.gif","/img/Premiere-Dark/localtrouble.gif"
"Premiere","Lone Pilot","images/DS/interrupt.gif","If your pilot (or permanent pilot) is defending a battle alone at a system or sector, add one battle destiny. OR If Motti is defending a battle alone at a system or sector, add two battle destiny.","R2","images/starwars/Premiere-Dark/large/lonepilot.gif","/img/Premiere-Dark/lonepilot.gif"
"Premiere","Lone Warrior","images/DS/interrupt.gif","If any warrior is defending a battle alone at a site, add one battle destiny. OR If Tagge is defending a battle alone at a site, add two battle destiny.","R2","images/starwars/Premiere-Dark/large/lonewarrior.gif","/img/Premiere-Dark/lonewarrior.gif"
"Premiere","Look Sir, Droids","images/DS/interrupt.gif","Use 1 Force to search through the opponent's Used Pile and move any droids you find there to opponent's Lost Pile. OR Use X Force to destroy any one droid on table where X = droid's deploy cost.","R1","images/starwars/Premiere-Dark/large/looksirdroids.gif","/img/Premiere-Dark/looksirdroids.gif"
"Premiere","Moment Of Triumph","images/DS/interrupt.gif","If Tarkin is defending a battle alone, add two battle destiny. OR If any alien is defending a battle alone, add one battle destiny.","R2","images/starwars/Premiere-Dark/large/momentoftriumph.gif","/img/Premiere-Dark/momentoftriumph.gif"
"Premiere","Nevar Yalnal","images/DS/interrupt.gif","","R2","images/starwars/Premiere-Dark/large/nevaryalnal.gif","/img/Premiere-Dark/nevaryalnal.gif"
"Premiere","Ommni Box","images/DS/interrupt.gif","Shuffle any player's Reserve Deck or Lost Pile or Used Pile.","C2","images/starwars/Premiere-Dark/large/ommnibox.gif","/img/Premiere-Dark/ommnibox.gif"
"Premiere","Overload","images/DS/interrupt.gif","","C2","images/starwars/Premiere-Dark/large/overload.gif","/img/Premiere-Dark/overload.gif"
"Premiere","Physical Choke","images/DS/interrupt.gif","","R1","images/starwars/Premiere-Dark/large/physicalchoke.gif","/img/Premiere-Dark/physicalchoke.gif"
"Premiere","Precise Attack","images/DS/interrupt.gif","During a battle, target opponent's character or vehicle present with two (or more) of your weapons. Add all weapon destiny draws together. Apply that total separately for each weapon.","C2","images/starwars/Premiere-Dark/large/preciseattack.gif","/img/Premiere-Dark/preciseattack.gif"
"Premiere","Scanning Crew","images/DS/interrupt.gif","Use 1 Force to glance at the cards in the opponent's hand for 10 seconds. You may move any one Rebel you find there to the top of opponent's Used Pile.","C2","images/starwars/Premiere-Dark/large/scanningcrew.gif","/img/Premiere-Dark/scanningcrew.gif"
"Premiere","Sense","images/DS/interrupt.gif","","U1","images/starwars/Premiere-Dark/large/sense.gif","/img/Premiere-Dark/sense.gif"
"Premiere","Set For Stun","images/DS/interrupt.gif","","C2","images/starwars/Premiere-Dark/large/setforstun.gif","/img/Premiere-Dark/setforstun.gif"
"Premiere","Takeel","images/DS/interrupt.gif","If both players just drew one battle destiny, use 1 Force to switch numbers.","C2","images/starwars/Premiere-Dark/large/takeel.gif","/img/Premiere-Dark/takeel.gif"
"Premiere","Tallon Roll","images/DS/interrupt.gif","Target two starfighters (your TIE/ln and any Rebel starfighter) present at same system or sector. Each player draws destiny. Opponent totals destiny and starship's power. You total destiny, TIE's power and TIE's maneuver. Lowest total loses starfighter.","C2","images/starwars/Premiere-Dark/large/tallonroll.gif","/img/Premiere-Dark/tallonroll.gif"
"Premiere","The Circle Is Now Complete","images/DS/interrupt.gif","If Vader and Obi-Wan are present at same site, use 1 Force to initiate a duel between them.  Compare their power, and add 2 if that character is armed with a lightsaber.  Loser (lowest total) of duel is placed out of play.","R1","images/starwars/Premiere-Dark/large/thecircleisnowcomplete.gif","/img/Premiere-Dark/thecircleisnowcomplete.gif"
"Premiere","The Empire's Back","images/DS/interrupt.gif","If Vader, Tarkin, Motti or Tagge is lost, use 2 Force to retrieve one of them from the Lost Pile. OR Use 4 Force to search through your Reserve Deck and take Vader, Tarkin, Motti, or Tagge into your hand. Shuffle deck, cut and replace.","U1","images/starwars/Premiere-Dark/large/theempiresback.gif","/img/Premiere-Dark/theempiresback.gif"
"Premiere","Trinto Duaba","images/DS/interrupt.gif","If there are cards in the opponent's Used Pile during your battle phase, draw one destiny. All cards there with the same destiny number are lost.","U1","images/starwars/Premiere-Dark/large/trintoduaba.gif","/img/Premiere-Dark/trintoduaba.gif"
"Premiere","Trooper Charge","images/DS/interrupt.gif","Select one of your troopers in a battle to make a 'charge.' If that trooper is a Death Star Trooper, it is power +3 this battle. If any other trooper, power +2. However, that trooper must be forfeited at end of battle.","U2","images/starwars/Premiere-Dark/large/troopercharge.gif","/img/Premiere-Dark/troopercharge.gif"
"Premiere","Tusken Scavengers","images/DS/interrupt.gif","","C2","images/starwars/Premiere-Dark/large/tuskenscavengers.gif","/img/Premiere-Dark/tuskenscavengers.gif"
"Premiere","Utinni!","images/DS/interrupt.gif","If one of your Jawas is at the same location as any Utinni Effect, 'steal' that Utinni Effect into your hand, to use or lose as your own. OR Cancel any Interrupt or Effect with 'Jawa' in the card name.","R1","images/starwars/Premiere-Dark/large/utinni.gif","/img/Premiere-Dark/utinni.gif"
"Premiere","Vader's Eye","images/DS/interrupt.gif","","R1","images/starwars/Premiere-Dark/large/vaderseye.gif","/img/Premiere-Dark/vaderseye.gif"
"Premiere","We're All Gonna Be A Lot Thinner!","images/DS/interrupt.gif","Everything in Trash Compactor is crushed (lost).","R1","images/starwars/Premiere-Dark/large/wereallgonnabealotthinner.gif","/img/Premiere-Dark/wereallgonnabealotthinner.gif"
"Premiere","You Overestimate Their Chances","images/DS/interrupt.gif","If an opponent has just initiated a battle, triple the resulting battle damage for the eventual loser. OR Triple the result of Don't Underestimate Our Chances.","C1","images/starwars/Premiere-Dark/large/youoverestimatetheirchances.gif","/img/Premiere-Dark/youoverestimatetheirchances.gif"
"Premiere","Your Powers Are Weak, Old Man","images/DS/interrupt.gif","During any battle involving both Vader and Obi-Wan, you may add one battle destiny. OR Destroy (cancel) either: Return Of A Jedi, Jedi Lightsaber, Jedi Presence, or Old Ben.","R1","images/starwars/Premiere-Dark/large/yourpowersareweakoldman.gif","/img/Premiere-Dark/yourpowersareweakoldman.gif"
"Premiere","Alderaan","images/DS/system.gif","","R1","images/starwars/Premiere-Dark/large/alderaan.gif","/img/Premiere-Dark/alderaan.gif"
"Premiere","Dantooine","images/DS/system.gif","","U1","images/starwars/Premiere-Dark/large/dantooine.gif","/img/Premiere-Dark/dantooine.gif"
"Premiere","Death Star: Central Core","images/DS/site.gif","","U2","images/starwars/Premiere-Dark/large/deathstarcentralcore.gif","/img/Premiere-Dark/deathstarcentralcore.gif"
"Premiere","Death Star: Detention Block Corridor","images/DS/site.gif","","C1","images/starwars/Premiere-Dark/large/deathstardetentionblockcorridor.gif","/img/Premiere-Dark/deathstardetentionblockcorridor.gif"
"Premiere","Death Star: Docking Bay 327","images/DS/site.gif","","C2","images/starwars/Premiere-Dark/large/deathstardockingbay327.gif","/img/Premiere-Dark/deathstardockingbay327.gif"
"Premiere","Death Star: Level 4 Military Corridor","images/DS/site.gif","","U1","images/starwars/Premiere-Dark/large/deathstarlevel4militarycorridor.gif","/img/Premiere-Dark/deathstarlevel4militarycorridor.gif"
"Premiere","Death Star: War Room","images/DS/site.gif","","U2","images/starwars/Premiere-Dark/large/deathstarwarroom.gif","/img/Premiere-Dark/deathstarwarroom.gif"
"Premiere","Kessel","images/DS/system.gif","","U2","images/starwars/Premiere-Dark/large/kessel.gif","/img/Premiere-Dark/kessel.gif"
"Premiere","Tatooine","images/DS/system.gif","","C2","images/starwars/Premiere-Dark/large/tatooine.gif","/img/Premiere-Dark/tatooine.gif"
"Premiere","Tatooine: Cantina","images/DS/site.gif","","R2","images/starwars/Premiere-Dark/large/tatooinecantina.gif","/img/Premiere-Dark/tatooinecantina.gif"
"Premiere","Tatooine: Docking Bay 94","images/DS/site.gif","","C2","images/starwars/Premiere-Dark/large/tatooinedockingbay94.gif","/img/Premiere-Dark/tatooinedockingbay94.gif"
"Premiere","Tatooine: Jawa Camp","images/DS/site.gif","","C1","images/starwars/Premiere-Dark/large/tatooinejawacamp.gif","/img/Premiere-Dark/tatooinejawacamp.gif"
"Premiere","Tatooine: Jundland Wastes","images/DS/site.gif","","C1","images/starwars/Premiere-Dark/large/tatooinejundlandwastes.gif","/img/Premiere-Dark/tatooinejundlandwastes.gif"
"Premiere","Tatooine: Lars' Moisture Farm","images/DS/site.gif","","U2","images/starwars/Premiere-Dark/large/tatooinelarsmoisturefarm.gif","/img/Premiere-Dark/tatooinelarsmoisturefarm.gif"
"Premiere","Tatooine: Mos Eisley","images/DS/site.gif","","C1","images/starwars/Premiere-Dark/large/tatooinemoseisley.gif","/img/Premiere-Dark/tatooinemoseisley.gif"
"Premiere","Yavin 4","images/DS/system.gif","","C2","images/starwars/Premiere-Dark/large/yavin4.gif","/img/Premiere-Dark/yavin4.gif"
"Premiere","Yavin 4: Docking Bay","images/DS/site.gif","","C2","images/starwars/Premiere-Dark/large/yavin4dockingbay.gif","/img/Premiere-Dark/yavin4dockingbay.gif"
"Premiere","Yavin 4: Jungle","images/DS/site.gif","","U2","images/starwars/Premiere-Dark/large/yavin4jungle.gif","/img/Premiere-Dark/yavin4jungle.gif"
"Premiere","Black 2","images/DS/starship.gif","May add 1 pilot.","R1","images/starwars/Premiere-Dark/large/black2.gif","/img/Premiere-Dark/black2.gif"
"Premiere","Black 3","images/DS/starship.gif","May add 1 pilot.","U1","images/starwars/Premiere-Dark/large/black3.gif","/img/Premiere-Dark/black3.gif"
"Premiere","Devastator","images/DS/starship.gif","May add 6 pilots, 8 passengers, 2 vehicles and 4 TIEs. Has ship-docking capability. Permanent pilot aboard provides ability of 2.","R1","images/starwars/Premiere-Dark/large/devastator.gif","/img/Premiere-Dark/devastator.gif"
"Premiere","Imperial-Class Star Destroyer","images/DS/starship.gif","May add 6 pilots, 8 passengers, 2 vehicles and 4 TIEs. Has shipdocking capability. Permanent pilot aboard provides ability of 1.","U1","images/starwars/Premiere-Dark/large/imperialclassstardestroyer.gif","/img/Premiere-Dark/imperialclassstardestroyer.gif"
"Premiere","TIE Advanced x1","images/DS/starship.gif","Permanent pilot aboard provides ability of 1.","U2","images/starwars/Premiere-Dark/large/tieadvancedx1.gif","/img/Premiere-Dark/tieadvancedx1.gif"
"Premiere","TIE Fighter","images/DS/starship.gif","Deploy -1 to same system as any Imperial capital starship. Permanent pilot aboard provides ability of 1.","C2","images/starwars/Premiere-Dark/large/tiefighter.gif","/img/Premiere-Dark/tiefighter.gif"
"Premiere","TIE Scout","images/DS/starship.gif","May add 1 pilot and 1 passenger, or 2 passengers. Permanent pilot aboard provides ability of 1.","C2","images/starwars/Premiere-Dark/large/tiescout.gif","/img/Premiere-Dark/tiescout.gif"
"Premiere","Vader's Custom TIE","images/DS/starship.gif","","R1","images/starwars/Premiere-Dark/large/vaderscustomtie.gif","/img/Premiere-Dark/vaderscustomtie.gif"
"Premiere","Bantha","images/DS/vehicle.gif","May carry 2 passengers. Bantha ability = 1/2. May move as a 'react' only to a battle or Force drain (if within range). Each Tusken Raider at same exterior site is power +1.","U2","images/starwars/Premiere-Dark/large/bantha.gif","/img/Premiere-Dark/bantha.gif"
"Premiere","Lift Tube","images/DS/vehicle.gif","May carry 4 passengers. Deploy and move only at interior mobile sites. May move without presence aboard. Also, may move as a 'react' only to a battle or Force drain (if within range).","C2","images/starwars/Premiere-Dark/large/lifttube.gif","/img/Premiere-Dark/lifttube.gif"
"Premiere","Sandcrawler","images/DS/vehicle.gif","Deploys only to a Tatooine site. May add 1 driver and 7 passengers. Cannot move to mobile sites. Adds 1 to forfeit of each Jawa at same exterior site.","R2","images/starwars/Premiere-Dark/large/sandcrawler.gif","/img/Premiere-Dark/sandcrawler.gif"
"Premiere","Ubrikkian 9000 Z001","images/DS/vehicle.gif","May add 1 driver and 2 passengers. May move as a 'react.'","C2","images/starwars/Premiere-Dark/large/ubrikkian9000z001.gif","/img/Premiere-Dark/ubrikkian9000z001.gif"
"Premiere","Assault Rifle","images/DS/weapon.gif","","R2","images/starwars/Premiere-Dark/large/assaultrifle.gif","/img/Premiere-Dark/assaultrifle.gif"
"Premiere","Blaster Rifle","images/DS/weapon.gif","","C2","images/starwars/Premiere-Dark/large/blasterrifle.gif","/img/Premiere-Dark/blasterrifle.gif"
"Premiere","Boosted TIE Cannon","images/DS/weapon.gif","","U1","images/starwars/Premiere-Dark/large/boostedtiecannon.gif","/img/Premiere-Dark/boostedtiecannon.gif"
"Premiere","Dark Jedi Lightsaber","images/DS/weapon.gif","","U1","images/starwars/Premiere-Dark/large/darkjedilightsaber.gif","/img/Premiere-Dark/darkjedilightsaber.gif"
"Premiere","Gaderffii Stick","images/DS/weapon.gif","","C2","images/starwars/Premiere-Dark/large/gaderffiistick.gif","/img/Premiere-Dark/gaderffiistick.gif"
"Premiere","Han Seeker","images/DS/weapon.gif","","R2","images/starwars/Premiere-Dark/large/hanseeker.gif","/img/Premiere-Dark/hanseeker.gif"
"Premiere","Imperial Blaster","images/DS/weapon.gif","","C2","images/starwars/Premiere-Dark/large/imperialblaster.gif","/img/Premiere-Dark/imperialblaster.gif"
"Premiere","Ion Cannon","images/DS/weapon.gif","","U1","images/starwars/Premiere-Dark/large/ioncannon.gif","/img/Premiere-Dark/ioncannon.gif"
"Premiere","Laser Projector","images/DS/weapon.gif","","U2","images/starwars/Premiere-Dark/large/laserprojector.gif","/img/Premiere-Dark/laserprojector.gif"
"Premiere","Light Repeating Blaster Rifle","images/DS/weapon.gif","","R1","images/starwars/Premiere-Dark/large/lightrepeatingblasterrifle.gif","/img/Premiere-Dark/lightrepeatingblasterrifle.gif"
"Premiere","Luke Seeker","images/DS/weapon.gif","","R2","images/starwars/Premiere-Dark/large/lukeseeker.gif","/img/Premiere-Dark/lukeseeker.gif"
"Premiere","Timer Mine","images/DS/weapon.gif","Deploy on opponent's side at same site as one of your mining droids. 'Explodes' at beginning of your next turn. Draw destiny. That number of opponent's characters there are immediately lost (owner's choice). Timer Mine is also lost.","C2","images/starwars/Premiere-Dark/large/timermine.gif","/img/Premiere-Dark/timermine.gif"
"Premiere","Turbolaser Battery","images/DS/weapon.gif","","R2","images/starwars/Premiere-Dark/large/turbolaserbattery.gif","/img/Premiere-Dark/turbolaserbattery.gif"
"Premiere","Vader's Lightsaber","images/DS/weapon.gif","","R1","images/starwars/Premiere-Dark/large/vaderslightsaber.gif","/img/Premiere-Dark/vaderslightsaber.gif"
