"Premium","Gold Leader In Gold 1Red Leader In Red 1","images/LS/starship.gif","May add 1 pilot or passenger. Permanent pilot aboard is �Dutch, who provides ability of 2, adds 2 to power and may draw one battle destiny if not able to otherwise.","
 Rarity

PM

PM
","images/starwars/RebelLeader-Light/large/goldleaderingold1.gif","/img/RebelLeader-Light/goldleaderingold1.gif"
"Premium","Gold Leader In Gold 1Red Leader In Red 1","images/LS/starship.gif","May add 1 pilot or passenger. Permanent pilot aboard is �Dutch, who provides ability of 2, adds 2 to power and may draw one battle destiny if not able to otherwise.","
 Rarity

PM

PM
","images/starwars/RebelLeader-Light/large/goldleaderingold1.gif","/img/RebelLeader-Light/goldleaderingold1.gif"
"Premium","Gold Leader In Gold 1","images/LS/starship.gif","May add 1 pilot or passenger. Permanent pilot aboard is �Dutch, who provides ability of 2, adds 2 to power and may draw one battle destiny if not able to otherwise.","PM","images/starwars/RebelLeader-Light/large/goldleaderingold1.gif","/img/RebelLeader-Light/goldleaderingold1.gif"
"Premium","Red Leader In Red 1","images/LS/starship.gif","Permanent pilot aboard is �Red Leader, who provides ability of 2, adds 2 to power and may draw one battle destiny if not able to otherwise.","PM","images/starwars/RebelLeader-Light/large/redleaderinred1.gif","/img/RebelLeader-Light/redleaderinred1.gif"
"Premium","Death Star: Level 6 Core Shaft CorridorLukeRun Luke, Run!Death Star: Docking Control Room 327VaderVader's Obsession","images/LS/site.gif","","
 Rarity

PM

PM

PM

 Rarity

PM

PM

PM
","images/starwars/PremiereIntroductoryTwoPlayerGame-Light/large/deathstarlevel6coreshaftcorridor.gif","/img/PremiereIntroductoryTwoPlayerGame-Light/deathstarlevel6coreshaftcorridor.gif"
"Premium","Death Star: Level 6 Core Shaft CorridorLukeRun Luke, Run!","images/LS/site.gif","","
 Rarity

PM

PM

PM
","images/starwars/PremiereIntroductoryTwoPlayerGame-Light/large/deathstarlevel6coreshaftcorridor.gif","/img/PremiereIntroductoryTwoPlayerGame-Light/deathstarlevel6coreshaftcorridor.gif"
"Premium","Death Star: Level 6 Core Shaft Corridor","images/LS/site.gif","","PM","images/starwars/PremiereIntroductoryTwoPlayerGame-Light/large/deathstarlevel6coreshaftcorridor.gif","/img/PremiereIntroductoryTwoPlayerGame-Light/deathstarlevel6coreshaftcorridor.gif"
"Premium","Luke","images/LS/rebel.gif","Must deploy on Tatooine, but may move elsewhere. May not be deployed if two or more of opponent's unique (�) characters on table. Your warriors at same site as Luke, or adjacent sites are forfeit +1.","PM","images/starwars/PremiereIntroductoryTwoPlayerGame-Light/large/luke.gif","/img/PremiereIntroductoryTwoPlayerGame-Light/luke.gif"
"Premium","Run Luke, Run!","images/LS/interrupt.gif","At any time, move Luke (for free) to a battle just initiated at an adjacent site. Luke is power +2 during that battle, unless Vader is present or adjacent to the battle site. OR You may cancel Vader's Obsession.","PM","images/starwars/PremiereIntroductoryTwoPlayerGame-Light/large/runlukerun.gif","/img/PremiereIntroductoryTwoPlayerGame-Light/runlukerun.gif"
"Premium","Death Star: Docking Control Room 327VaderVader's Obsession","images/DS/site.gif","","
 Rarity

PM

PM

PM
","images/starwars/PremiereIntroductoryTwoPlayerGame-Dark/large/deathstardockingcontrolroom327.gif","/img/PremiereIntroductoryTwoPlayerGame-Dark/deathstardockingcontrolroom327.gif"
"Premium","Death Star: Docking Control Room 327","images/DS/site.gif","","PM","images/starwars/PremiereIntroductoryTwoPlayerGame-Dark/large/deathstardockingcontrolroom327.gif","/img/PremiereIntroductoryTwoPlayerGame-Dark/deathstardockingcontrolroom327.gif"
"Premium","Vader","images/DS/imperial.gif","","PM","images/starwars/PremiereIntroductoryTwoPlayerGame-Dark/large/vader.gif","/img/PremiereIntroductoryTwoPlayerGame-Dark/vader.gif"
"Premium","Vader's Obsession","images/DS/interrupt.gif","During your move phase, if Vader moves to Luke's site from an adjacent site, begin a duel between them. Each adds two destiny to power. Winner retrieves lost Force equal to the difference. Loser loses same amount of Force, plus the character.","PM","images/starwars/PremiereIntroductoryTwoPlayerGame-Dark/large/vadersobsession.gif","/img/PremiereIntroductoryTwoPlayerGame-Dark/vadersobsession.gif"
"Premium","For LuckHanLeiaLuke's T-16 SkyhopperTedn DahaiDark ForcesEriaduGravity ShadowHyperoute Navigation ChartMottiTarkin","images/LS/effect.gif","Deploy on table. If Counter Assault is played, may use 1 Force to add one destiny to your total. If Sense or Alter just played, may use X Force to exclude X Dark Jedi from being the 'highest-ability character.'","
 Rarity

PM

PM

PM

PM

PM

 Rarity

PM

PM

PM

PM

PM

PM
","images/starwars/JediPack-Light/large/forluck.gif","/img/JediPack-Light/forluck.gif"
"Premium","For LuckHanLeiaLuke's T-16 SkyhopperTedn Dahai","images/LS/effect.gif","Deploy on table. If Counter Assault is played, may use 1 Force to add one destiny to your total. If Sense or Alter just played, may use X Force to exclude X Dark Jedi from being the 'highest-ability character.'","
 Rarity

PM

PM

PM

PM

PM
","images/starwars/JediPack-Light/large/forluck.gif","/img/JediPack-Light/forluck.gif"
"Premium","For Luck","images/LS/effect.gif","Deploy on table. If Counter Assault is played, may use 1 Force to add one destiny to your total. If Sense or Alter just played, may use X Force to exclude X Dark Jedi from being the 'highest-ability character.'","PM","images/starwars/JediPack-Light/large/forluck.gif","/img/JediPack-Light/forluck.gif"
"Premium","Han","images/LS/alien.gif","","PM","images/starwars/JediPack-Light/large/han.gif","/img/JediPack-Light/han.gif"
"Premium","Leia","images/LS/rebel.gif","","PM","images/starwars/JediPack-Light/large/leia.gif","/img/JediPack-Light/leia.gif"
"Premium","Luke's T-16 Skyhopper","images/LS/vehicle.gif","Requires 1 pilot to use. May carry 1 passenger. May move as a 'react.' may 'bullseye' one Womp Rat per turn. *Landspeed = 4, OR 1 character may shuttle to or from same site for free.","PM","images/starwars/JediPack-Light/large/lukest16skyhopper.gif","/img/JediPack-Light/lukest16skyhopper.gif"
"Premium","Tedn Dahai","images/LS/alien.gif","For each other musician at same site, during any control phase you may use 1 Force to choose one opponent's alien present. That alien cannot utilize its game text for remainder of that turn.","PM","images/starwars/JediPack-Light/large/tedndahai.gif","/img/JediPack-Light/tedndahai.gif"
"Premium","Dark ForcesEriaduGravity ShadowHyperoute Navigation ChartMottiTarkin","images/DS/effect.gif","Deploy on your side of table. When Surprise Assault is played, may use 1 Force to add one destiny to your total. Also, when Sense or Alter is played, may use X Force to exclude X Jedi from being the 'highest-ability character.'","
 Rarity

PM

PM

PM

PM

PM

PM
","images/starwars/JediPack-Dark/large/darkforces.gif","/img/JediPack-Dark/darkforces.gif"
"Premium","Dark Forces","images/DS/effect.gif","Deploy on your side of table. When Surprise Assault is played, may use 1 Force to add one destiny to your total. Also, when Sense or Alter is played, may use X Force to exclude X Jedi from being the 'highest-ability character.'","PM","images/starwars/JediPack-Dark/large/darkforces.gif","/img/JediPack-Dark/darkforces.gif"
"Premium","Eriadu","images/DS/system.gif","","PM","images/starwars/JediPack-Dark/large/eriadu.gif","/img/JediPack-Dark/eriadu.gif"
"Premium","Gravity Shadow","images/DS/interrupt.gif","","PM","images/starwars/JediPack-Dark/large/gravityshadow.gif","/img/JediPack-Dark/gravityshadow.gif"
"Premium","Hyperoute Navigation Chart","images/DS/objective.gif","[0] Corscant[1] Carida, Corellia, Eriadu, Kirdo III, Kuat[2] Alderaan, Bothuwui, Kiffex, Rendili, Tibrin, Wakeelmui[3] Malastare, Nal Hutta, Raithal, Ralltiir[4] Aquaris, Chandrila, Corulag, Yavin 4*[5] Anoat, Dantooine, Hoth*, Naboo[6] Bespin, Fondor, Kashyyyk, Mon Calamari[7] Clak'dor VII, Ord Mantell, Roche, Sullust, Tatooine[8] Endor, Kessel[9] Dagobah, Gall* Known Rebel Base","PM","images/starwars/JediPack-Dark/large/hyperoutenavigationchart.gif","/img/JediPack-Dark/hyperoutenavigationchart.gif"
"Premium","Motti","images/DS/imperial.gif","","PM","images/starwars/JediPack-Dark/large/motti.gif","/img/JediPack-Dark/motti.gif"
"Premium","Tarkin","images/DS/imperial.gif","","PM","images/starwars/JediPack-Dark/large/tarkin.gif","/img/JediPack-Dark/tarkin.gif"
"Premium","Han With Heavy Blaster PistolLeia With Blaster RifleLuke With LightsaberObi-Wan With LightsaberBoba Fett With Blaster RifleDarth Vader With Lightsaber","images/LS/rebel.gif","","
 Rarity

PM

PM

PM

PM

 Rarity

PM

PM
","images/starwars/EnhancedPremiere-Light/large/hanwithheavyblasterpistol.gif","/img/EnhancedPremiere-Light/hanwithheavyblasterpistol.gif"
"Premium","Han With Heavy Blaster PistolLeia With Blaster RifleLuke With LightsaberObi-Wan With Lightsaber","images/LS/rebel.gif","","
 Rarity

PM

PM

PM

PM
","images/starwars/EnhancedPremiere-Light/large/hanwithheavyblasterpistol.gif","/img/EnhancedPremiere-Light/hanwithheavyblasterpistol.gif"
"Premium","Han With Heavy Blaster Pistol","images/LS/rebel.gif","","PM","images/starwars/EnhancedPremiere-Light/large/hanwithheavyblasterpistol.gif","/img/EnhancedPremiere-Light/hanwithheavyblasterpistol.gif"
"Premium","Leia With Blaster Rifle","images/LS/rebel.gif","","PM","images/starwars/EnhancedPremiere-Light/large/leiawithblasterrifle.gif","/img/EnhancedPremiere-Light/leiawithblasterrifle.gif"
"Premium","Luke With Lightsaber","images/LS/rebel.gif","","PM","images/starwars/EnhancedPremiere-Light/large/lukewithlightsaber.gif","/img/EnhancedPremiere-Light/lukewithlightsaber.gif"
"Premium","Obi-Wan With Lightsaber","images/LS/rebel.gif","","PM","images/starwars/EnhancedPremiere-Light/large/obiwanwithlightsaber.gif","/img/EnhancedPremiere-Light/obiwanwithlightsaber.gif"
"Premium","Boba Fett With Blaster RifleDarth Vader With Lightsaber","images/DS/alien.gif","","
 Rarity

PM

PM
","images/starwars/EnhancedPremiere-Dark/large/bobafettwithblasterrifle.gif","/img/EnhancedPremiere-Dark/bobafettwithblasterrifle.gif"
"Premium","Boba Fett With Blaster Rifle","images/DS/alien.gif","","PM","images/starwars/EnhancedPremiere-Dark/large/bobafettwithblasterrifle.gif","/img/EnhancedPremiere-Dark/bobafettwithblasterrifle.gif"
"Premium","Darth Vader With Lightsaber","images/DS/imperial.gif","","PM","images/starwars/EnhancedPremiere-Dark/large/darthvaderwithlightsaber.gif","/img/EnhancedPremiere-Dark/darthvaderwithlightsaber.gif"
"Premium","Arleil SchousCorulagFaithful ServiceGold Squadron Y-wingIt's A Hit!Rebel Trooper RecruitRed Squadron X-wingTatooine: Jundland WastesZ-95 HeadhunterBlack Squadron TIEChall BekanCorulagDreadnaught-Class Heavy CruiserForced ServitudeObsidian Squadron TIEStormtrooper CadetTarkin's OrdersTatooine: Tusken Canyon","images/LS/alien.gif","When deployed, you may take one non-unique alien into hand from Reserve Deck; reshuffle. Adds 2 to power of anything he pilots. Your aliens deploy -1 to same or adjacent Tatooine site.","
 Rarity

PM

PM

PM

PM

PM

PM

PM

PM

PM

 Rarity

PM

PM

PM

PM

PM

PM

PM

PM

PM
","images/starwars/OfficialTournamentSealedDeck-Light/large/arleilschous.gif","/img/OfficialTournamentSealedDeck-Light/arleilschous.gif"
"Premium","Arleil SchousCorulagFaithful ServiceGold Squadron Y-wingIt's A Hit!Rebel Trooper RecruitRed Squadron X-wingTatooine: Jundland WastesZ-95 Headhunter","images/LS/alien.gif","When deployed, you may take one non-unique alien into hand from Reserve Deck; reshuffle. Adds 2 to power of anything he pilots. Your aliens deploy -1 to same or adjacent Tatooine site.","
 Rarity

PM

PM

PM

PM

PM

PM

PM

PM

PM
","images/starwars/OfficialTournamentSealedDeck-Light/large/arleilschous.gif","/img/OfficialTournamentSealedDeck-Light/arleilschous.gif"
"Premium","Arleil Schous","images/LS/alien.gif","When deployed, you may take one non-unique alien into hand from Reserve Deck; reshuffle. Adds 2 to power of anything he pilots. Your aliens deploy -1 to same or adjacent Tatooine site.","PM","images/starwars/OfficialTournamentSealedDeck-Light/large/arleilschous.gif","/img/OfficialTournamentSealedDeck-Light/arleilschous.gif"
"Premium","Corulag","images/LS/system.gif","","PM","images/starwars/OfficialTournamentSealedDeck-Light/large/corulag.gif","/img/OfficialTournamentSealedDeck-Light/corulag.gif"
"Premium","Faithful Service","images/LS/effect.gif","Deploy on an opponent's location. Whenever you lose a droid from hand or Life Force, it satisfies Force loss up to its forfeit value. Once per turn, you may play Scomp Link Access to cancel a Force drain where you have a droid. Effect canceled if opponent controls this location.","PM","images/starwars/OfficialTournamentSealedDeck-Light/large/faithfulservice.gif","/img/OfficialTournamentSealedDeck-Light/faithfulservice.gif"
"Premium","Gold Squadron Y-wing","images/LS/starship.gif","Deploy -2 at Yavin 4 or to same location as Dutch. May add 1 pilot or passenger. Permanent pilot aboard provides ability of 2 and adds 2 to power. Adds 1 to its ion cannon weapon destiny draws.","PM","images/starwars/OfficialTournamentSealedDeck-Light/large/goldsquadronywing.gif","/img/OfficialTournamentSealedDeck-Light/goldsquadronywing.gif"
"Premium","It's A Hit!","images/LS/interrupt.gif","USED: Cancel a Force drain at a site related to a system you control.LOST: Cancel Counter Assault, It's Worse, Elis Helrot, Tallon Roll, Limited Resources or Scanning Crew. OR Use 3 Force to search your Lost Pile and take one non-unique starfighter into hand.","PM","images/starwars/OfficialTournamentSealedDeck-Light/large/itsahit.gif","/img/OfficialTournamentSealedDeck-Light/itsahit.gif"
"Premium","Rebel Trooper Recruit","images/LS/rebel.gif","Deploys free to same site as an Rebel leader. Adds 1 to power of one non-unique Rebel warrior present. When forfeited at same site as a Rebel 'veteran' (a leader or non-cadet trooper), also satisfies all remaining attrition against you.","PM","images/starwars/OfficialTournamentSealedDeck-Light/large/rebeltrooperrecruit.gif","/img/OfficialTournamentSealedDeck-Light/rebeltrooperrecruit.gif"
"Premium","Red Squadron X-wing","images/LS/starship.gif","Deploy -2 at Yavin 4 or to same location as Red Leader. Permanent pilot provides ability of 2 and adds 2 to power. Proton Torpedoes deploy and fire free aboard.","PM","images/starwars/OfficialTournamentSealedDeck-Light/large/redsquadronxwing.gif","/img/OfficialTournamentSealedDeck-Light/redsquadronxwing.gif"
"Premium","Tatooine: Jundland Wastes","images/LS/site.gif","","PM","images/starwars/OfficialTournamentSealedDeck-Light/large/tatooinejundlandwastes.gif","/img/OfficialTournamentSealedDeck-Light/tatooinejundlandwastes.gif"
"Premium","Z-95 Headhunter","images/LS/starship.gif","Permanent pilot aboard provides ability of 1. Power and Maneuver +2 at non-unique cloud sectors. May be carried aboard starships like a vehicle.","PM","images/starwars/OfficialTournamentSealedDeck-Light/large/z95headhunter.gif","/img/OfficialTournamentSealedDeck-Light/z95headhunter.gif"
"Premium","Black Squadron TIEChall BekanCorulagDreadnaught-Class Heavy CruiserForced ServitudeObsidian Squadron TIEStormtrooper CadetTarkin's OrdersTatooine: Tusken Canyon","images/DS/starship.gif","Deploy -2 to Death Star or same location as Vader. Permanent pilot aboard provides ability of 2 and adds 2 to power. Adds 1 to its weapon destiny draws.","
 Rarity

PM

PM

PM

PM

PM

PM

PM

PM

PM
","images/starwars/OfficialTournamentSealedDeck-Dark/large/blacksquadrontie.gif","/img/OfficialTournamentSealedDeck-Dark/blacksquadrontie.gif"
"Premium","Black Squadron TIE","images/DS/starship.gif","Deploy -2 to Death Star or same location as Vader. Permanent pilot aboard provides ability of 2 and adds 2 to power. Adds 1 to its weapon destiny draws.","PM","images/starwars/OfficialTournamentSealedDeck-Dark/large/blacksquadrontie.gif","/img/OfficialTournamentSealedDeck-Dark/blacksquadrontie.gif"
"Premium","Chall Bekan","images/DS/alien.gif","When deployed, you may take one non-unique alien into hand from Reserve Deck; reshuffle. Adds 2 to power of anything he pilots. Your aliens deploy -1 to same or adjacent Tatooine site.","PM","images/starwars/OfficialTournamentSealedDeck-Dark/large/challbekan.gif","/img/OfficialTournamentSealedDeck-Dark/challbekan.gif"
"Premium","Corulag","images/DS/system.gif","","PM","images/starwars/OfficialTournamentSealedDeck-Dark/large/corulag.gif","/img/OfficialTournamentSealedDeck-Dark/corulag.gif"
"Premium","Dreadnaught-Class Heavy Cruiser","images/DS/starship.gif","May add 3 pilots, 6 passengers and 4 TIEs. Has ship-docking capability. Permanent pilots provide total ability of 2. Turbolaser Battery may deploy aboard. Your TIEs present are each power +1.","PM","images/starwars/OfficialTournamentSealedDeck-Dark/large/dreadnaughtclassheavycruiser.gif","/img/OfficialTournamentSealedDeck-Dark/dreadnaughtclassheavycruiser.gif"
"Premium","Forced Servitude","images/DS/effect.gif","Deploy on an opponent's location. Whenever you lose a droid from hand or Life Force, it satisfies Force loss up to its forfeit value. Once per turn, you may play Imperial Code Cylinder to cancel a Force drain where you have a droid. Effect canceled if opponent controls this location.","PM","images/starwars/OfficialTournamentSealedDeck-Dark/large/forcedservitude.gif","/img/OfficialTournamentSealedDeck-Dark/forcedservitude.gif"
"Premium","Obsidian Squadron TIE","images/DS/starship.gif","Deploy -1 at any cloud sector. Permanent pilot provides ability of 2 and adds 2 to power. Power +2 at non-unique cloud sectors. Boosted TIE Cannon may deploy aboard and fires free aboard.","PM","images/starwars/OfficialTournamentSealedDeck-Dark/large/obsidiansquadrontie.gif","/img/OfficialTournamentSealedDeck-Dark/obsidiansquadrontie.gif"
"Premium","Stormtrooper Cadet","images/DS/imperial.gif","Deploys free to same site as an Imperial leader. Adds 1 to power of one non-unique Imperial warrior present. When forfeited at same site as an Imperial 'veteran' (a leader or non-cadet trooper), also satisfies all remaining attrition against you.","PM","images/starwars/OfficialTournamentSealedDeck-Dark/large/stormtroopercadet.gif","/img/OfficialTournamentSealedDeck-Dark/stormtroopercadet.gif"
"Premium","Tarkin's Orders","images/DS/interrupt.gif","USED: Cancel a Force drain at a site related to a system you control.LOST: Cancel Surprise Assault, It Could Be Worse, Nabrun Leids, Collision! or Hyper Escape. OR Lose 1 Force to search your Lost Pile and take one non-unique starfighter into hand.","PM","images/starwars/OfficialTournamentSealedDeck-Dark/large/tarkinsorders.gif","/img/OfficialTournamentSealedDeck-Dark/tarkinsorders.gif"
"Premium","Tatooine: Tusken Canyon","images/DS/site.gif","","PM","images/starwars/OfficialTournamentSealedDeck-Dark/large/tatooinetuskencanyon.gif","/img/OfficialTournamentSealedDeck-Dark/tatooinetuskencanyon.gif"
"Premium","ChewieLone RogueRebel SnowspeederHoth: Mountains (6th Marker)Imperial WalkerVeersWalker Garrison","images/LS/rebel.gif","Must deploy on Hoth, but may move elsewhere. May not be deployed if three or more of opponent's unique (�) characters on table.","
 Rarity

PM

PM

PM

 Rarity

PM

PM

PM

PM
","images/starwars/EmpireStrikesBackIntroductoryTwoPlayerGame-Light/large/chewie.gif","/img/EmpireStrikesBackIntroductoryTwoPlayerGame-Light/chewie.gif"
"Premium","ChewieLone RogueRebel Snowspeeder","images/LS/rebel.gif","Must deploy on Hoth, but may move elsewhere. May not be deployed if three or more of opponent's unique (�) characters on table.","
 Rarity

PM

PM

PM
","images/starwars/EmpireStrikesBackIntroductoryTwoPlayerGame-Light/large/chewie.gif","/img/EmpireStrikesBackIntroductoryTwoPlayerGame-Light/chewie.gif"
"Premium","Chewie","images/LS/rebel.gif","Must deploy on Hoth, but may move elsewhere. May not be deployed if three or more of opponent's unique (�) characters on table.","PM","images/starwars/EmpireStrikesBackIntroductoryTwoPlayerGame-Light/large/chewie.gif","/img/EmpireStrikesBackIntroductoryTwoPlayerGame-Light/chewie.gif"
"Premium","Lone Rogue","images/LS/interrupt.gif","If one of your pilots is at an exterior Hoth site, use 2 Force to search your Reserve Deck and take one T-47 into hand. OR If your piloted T-47 is defending a battle alone at a site, add one battle destiny.","PM","images/starwars/EmpireStrikesBackIntroductoryTwoPlayerGame-Light/large/lonerogue.gif","/img/EmpireStrikesBackIntroductoryTwoPlayerGame-Light/lonerogue.gif"
"Premium","Rebel Snowspeeder","images/LS/vehicle.gif","May add 1 pilot or passenger. Permanent pilot aboard provides ability of 1.","PM","images/starwars/EmpireStrikesBackIntroductoryTwoPlayerGame-Light/large/rebelsnowspeeder.gif","/img/EmpireStrikesBackIntroductoryTwoPlayerGame-Light/rebelsnowspeeder.gif"
"Premium","Hoth: Mountains (6th Marker)Imperial WalkerVeersWalker Garrison","images/DS/site.gif","","
 Rarity

PM

PM

PM

PM
","images/starwars/EmpireStrikesBackIntroductoryTwoPlayerGame-Dark/large/hothmountains.gif","/img/EmpireStrikesBackIntroductoryTwoPlayerGame-Dark/hothmountains.gif"
"Premium","Hoth: Mountains (6th Marker)","images/DS/site.gif","","PM","images/starwars/EmpireStrikesBackIntroductoryTwoPlayerGame-Dark/large/hothmountains.gif","/img/EmpireStrikesBackIntroductoryTwoPlayerGame-Dark/hothmountains.gif"
"Premium","Imperial Walker","images/DS/vehicle.gif","May add 1 pilot and 8 passengers. Permanent pilot aboard provides ability of 1.","PM","images/starwars/EmpireStrikesBackIntroductoryTwoPlayerGame-Dark/large/imperialwalker.gif","/img/EmpireStrikesBackIntroductoryTwoPlayerGame-Dark/imperialwalker.gif"
"Premium","Veers","images/DS/imperial.gif","Must deploy on Hoth, but may move elsewhere. May not be deployed if three or more of opponent's unique ( �) characters on table. Snowtroopers at same site are forfeit +1.","PM","images/starwars/EmpireStrikesBackIntroductoryTwoPlayerGame-Dark/large/veers.gif","/img/EmpireStrikesBackIntroductoryTwoPlayerGame-Dark/veers.gif"
"Premium","Walker Garrison","images/DS/interrupt.gif","If Veers is at an exterior Hoth site, use 2 Force to search your Reserve Deck and take one AT-AT into your hand. OR If you have 3 AT-ATs at three different Hoth sites, your Force drains are +2 at Hoth locations this turn.","PM","images/starwars/EmpireStrikesBackIntroductoryTwoPlayerGame-Dark/large/walkergarrison.gif","/img/EmpireStrikesBackIntroductoryTwoPlayerGame-Dark/walkergarrison.gif"
"Premium","Chewie With Blaster RifleLando In Millennium FalconLando With Blaster PistolQuiet Mining Colony Independent OperationZ-95 Bespin Defense Fighter4-LOM With Concussion RifleAny Methods NecessaryBoba Fett In Slave ICrush The RebellionDengar In Punishing OneIG-88 With Riot GunThis Deal Is Getting Worse All The TimePray I Don't Alter It Any Further","images/LS/rebel.gif","","
 Rarity

PM

PM

PM

PM

PM

 Rarity

PM

PM

PM

PM

PM

PM

PM
","images/starwars/EnhancedCloudCity-Light/large/chewiewithblasterrifle.gif","/img/EnhancedCloudCity-Light/chewiewithblasterrifle.gif"
"Premium","Chewie With Blaster RifleLando In Millennium FalconLando With Blaster PistolQuiet Mining Colony Independent OperationZ-95 Bespin Defense Fighter","images/LS/rebel.gif","","
 Rarity

PM

PM

PM

PM

PM
","images/starwars/EnhancedCloudCity-Light/large/chewiewithblasterrifle.gif","/img/EnhancedCloudCity-Light/chewiewithblasterrifle.gif"
"Premium","Chewie With Blaster Rifle","images/LS/rebel.gif","","PM","images/starwars/EnhancedCloudCity-Light/large/chewiewithblasterrifle.gif","/img/EnhancedCloudCity-Light/chewiewithblasterrifle.gif"
"Premium","Lando In Millennium Falcon","images/LS/starship.gif","","PM","images/starwars/EnhancedCloudCity-Light/large/landoinmillenniumfalcon.gif","/img/EnhancedCloudCity-Light/landoinmillenniumfalcon.gif"
"Premium","Lando With Blaster Pistol","images/LS/alien.gif","","PM","images/starwars/EnhancedCloudCity-Light/large/landowithblasterpistol.gif","/img/EnhancedCloudCity-Light/landowithblasterpistol.gif"
"Premium","Quiet Mining Colony Independent Operation","images/LS/objective.gif","","PM","images/starwars/EnhancedCloudCity-Light/large/quietminingcolony.gif","/img/EnhancedCloudCity-Light/quietminingcolony.gif"
"Premium","Z-95 Bespin Defense Fighter","images/LS/starship.gif","Permanent pilot provides ability of 1 and adds 1 to power. May add one alien pilot (suspends permanent pilot). Power +2 at Bespin locations. May be carried aboard starships like a vehicle.","PM","images/starwars/EnhancedCloudCity-Light/large/z95bespindefensefighter.gif","/img/EnhancedCloudCity-Light/z95bespindefensefighter.gif"
"Premium","4-LOM With Concussion RifleAny Methods NecessaryBoba Fett In Slave ICrush The RebellionDengar In Punishing OneIG-88 With Riot GunThis Deal Is Getting Worse All The TimePray I Don't Alter It Any Further","images/DS/droid.gif","Adds one battle destiny if with Jabba or Zuckuss. Permanent weapon is �4-LOM's Concussion Rifle (may target a character for free; target may not use its game text for remainder of turn).","
 Rarity

PM

PM

PM

PM

PM

PM

PM
","images/starwars/EnhancedCloudCity-Dark/large/4lomwithconcussionrifle.gif","/img/EnhancedCloudCity-Dark/4lomwithconcussionrifle.gif"
"Premium","4-LOM With Concussion Rifle","images/DS/droid.gif","Adds one battle destiny if with Jabba or Zuckuss. Permanent weapon is �4-LOM's Concussion Rifle (may target a character for free; target may not use its game text for remainder of turn).","PM","images/starwars/EnhancedCloudCity-Dark/large/4lomwithconcussionrifle.gif","/img/EnhancedCloudCity-Dark/4lomwithconcussionrifle.gif"
"Premium","Any Methods Necessary","images/DS/interrupt.gif","USED: Activate 1 Force.STARTING: Take into hand from Reserve Deck one prison and one bounty hunter (may also take a matching weapon and/or starship). When you draw your starting hand, draw six more cards instead of eight. Place Interrupt in Reserve Deck.","PM","images/starwars/EnhancedCloudCity-Dark/large/anymethodsnecessary.gif","/img/EnhancedCloudCity-Dark/anymethodsnecessary.gif"
"Premium","Boba Fett In Slave I","images/DS/starship.gif","","PM","images/starwars/EnhancedCloudCity-Dark/large/bobafettinslavei.gif","/img/EnhancedCloudCity-Dark/bobafettinslavei.gif"
"Premium","Crush The Rebellion","images/DS/effect.gif","Deploy on table. Once per turn, may take I Have You Now or Evader into hand from Reserve Deck; reshuffle. At mobile sites, opponent draws no more than two battle destiny per battle. Evader is immune to Sense. May lose 1 Force to cancel Clash of Sabers. (Immune to Alter.)","PM","images/starwars/EnhancedCloudCity-Dark/large/crushtherebellion.gif","/img/EnhancedCloudCity-Dark/crushtherebellion.gif"
"Premium","Dengar In Punishing One","images/DS/starship.gif","Permanent pilot is �Dengar, who provides ability of 2 and adds 2 to power. When in battle, adds 1 to total battle destiny for each opponent's starship present. Cancels opponent's immunity to attrition here.","PM","images/starwars/EnhancedCloudCity-Dark/large/dengarinpunishingone.gif","/img/EnhancedCloudCity-Dark/dengarinpunishingone.gif"
"Premium","IG-88 With Riot Gun","images/DS/droid.gif","","PM","images/starwars/EnhancedCloudCity-Dark/large/ig88withriotgun.gif","/img/EnhancedCloudCity-Dark/ig88withriotgun.gif"
"Premium","This Deal Is Getting Worse All The TimePray I Don't Alter It Any Further","images/DS/objective.gif","","PM","images/starwars/EnhancedCloudCity-Dark/large/thisdealisgettingworseallthetime.gif","/img/EnhancedCloudCity-Dark/thisdealisgettingworseallthetime.gif"
"Premium","BoushhMaster LukeSee-ThreepioYou Can Either Profit By This... Or Be DestroyedBossk With Mortar GunCourt Of The Vile GangsterI Shall Enjoy Watching You DieDengar With Blaster CarbineIG-88 In IG-2000Jodo KastMara Jade, The Emperor's HandMara Jade's LightsaberZuckuss In Mist Hunter","images/LS/rebel.gif","","
 Rarity

PM

PM

PM

PM

 Rarity

PM

PM

PM

PM

PM

PM

PM

PM
","images/starwars/EnhancedJabbasPalace-Light/large/boushh.gif","/img/EnhancedJabbasPalace-Light/boushh.gif"
"Premium","BoushhMaster LukeSee-ThreepioYou Can Either Profit By This... Or Be Destroyed","images/LS/rebel.gif","","
 Rarity

PM

PM

PM

PM
","images/starwars/EnhancedJabbasPalace-Light/large/boushh.gif","/img/EnhancedJabbasPalace-Light/boushh.gif"
"Premium","Boushh","images/LS/rebel.gif","","PM","images/starwars/EnhancedJabbasPalace-Light/large/boushh.gif","/img/EnhancedJabbasPalace-Light/boushh.gif"
"Premium","Master Luke","images/LS/rebel.gif","","PM","images/starwars/EnhancedJabbasPalace-Light/large/masterluke.gif","/img/EnhancedJabbasPalace-Light/masterluke.gif"
"Premium","See-Threepio","images/LS/droid.gif","Deploys only to a Jabba's Palace site. Once per game, when replacing another C-3PO, retrieve 3 Force. When in battle with your other droid and a Rebel, adds one battle destiny. R2-D2 deploys and moves for free to same location.","PM","images/starwars/EnhancedJabbasPalace-Light/large/seethreepio.gif","/img/EnhancedJabbasPalace-Light/seethreepio.gif"
"Premium","You Can Either Profit By This... Or Be Destroyed","images/LS/objective.gif","","PM","images/starwars/EnhancedJabbasPalace-Light/large/youcaneitherprofitbythis.gif","/img/EnhancedJabbasPalace-Light/youcaneitherprofitbythis.gif"
"Premium","Bossk With Mortar GunCourt Of The Vile GangsterI Shall Enjoy Watching You DieDengar With Blaster CarbineIG-88 In IG-2000Jodo KastMara Jade, The Emperor's HandMara Jade's LightsaberZuckuss In Mist Hunter","images/DS/alien.gif","Adds 2 to power of anything he pilots. Permanent weapon is �Bossk's Mortar Gun (may fire for free; draw destiny; may subtract or add 1 if at same site as a bounty; choose one character with that destiny number present to be captured.)","
 Rarity

PM

PM

PM

PM

PM

PM

PM

PM
","images/starwars/EnhancedJabbasPalace-Dark/large/bosskwithmortargun.gif","/img/EnhancedJabbasPalace-Dark/bosskwithmortargun.gif"
"Premium","Bossk With Mortar Gun","images/DS/alien.gif","Adds 2 to power of anything he pilots. Permanent weapon is �Bossk's Mortar Gun (may fire for free; draw destiny; may subtract or add 1 if at same site as a bounty; choose one character with that destiny number present to be captured.)","PM","images/starwars/EnhancedJabbasPalace-Dark/large/bosskwithmortargun.gif","/img/EnhancedJabbasPalace-Dark/bosskwithmortargun.gif"
"Premium","Court Of The Vile GangsterI Shall Enjoy Watching You Die","images/DS/objective.gif","","PM","images/starwars/EnhancedJabbasPalace-Dark/large/courtofthevilegangster.gif","/img/EnhancedJabbasPalace-Dark/courtofthevilegangster.gif"
"Premium","Dengar With Blaster Carbine","images/DS/alien.gif","","PM","images/starwars/EnhancedJabbasPalace-Dark/large/dengarwithblastercarbine.gif","/img/EnhancedJabbasPalace-Dark/dengarwithblastercarbine.gif"
"Premium","IG-88 In IG-2000","images/DS/starship.gif","May add 2 passengers. Permanent pilot is �IG-88, who adds 2 to power and 3 to maneuver. May initiate battle. When in a battle you initiate, adds one battle destiny. Ion Cannon may deploy aboard.","PM","images/starwars/EnhancedJabbasPalace-Dark/large/ig88inig2000.gif","/img/EnhancedJabbasPalace-Dark/ig88inig2000.gif"
"Premium","Jodo Kast","images/DS/alien.gif","When in battle, if opponent draws more than one battle destiny, may cancel one. Once per turn, when firing a rifle or blaster, may target for free and add 2 to total weapon destiny. May be targeted by Hidden Weapons. May 'fly' (landspeeed = 3).","PM","images/starwars/EnhancedJabbasPalace-Dark/large/jodokast.gif","/img/EnhancedJabbasPalace-Dark/jodokast.gif"
"Premium","Mara Jade, The Emperor's Hand","images/DS/alien_imperial.gif","","PM","images/starwars/EnhancedJabbasPalace-Dark/large/marajadetheemperorshand.gif","/img/EnhancedJabbasPalace-Dark/marajadetheemperorshand.gif"
"Premium","Mara Jade's Lightsaber","images/DS/weapon.gif","","PM","images/starwars/EnhancedJabbasPalace-Dark/large/marajadeslightsaber.gif","/img/EnhancedJabbasPalace-Dark/marajadeslightsaber.gif"
"Premium","Zuckuss In Mist Hunter","images/DS/starship.gif","","PM","images/starwars/EnhancedJabbasPalace-Dark/large/zuckussinmisthunter.gif","/img/EnhancedJabbasPalace-Dark/zuckussinmisthunter.gif"
"Premium","Agents In The Court No Love For The EmpireJabba's Palace: AntechamberLando With Vibro-AxOunee TaPalace RaiderRacing SkiffSeeking An AudienceStun BlasterTatooine: Hutt Trade Route (Desert)Underworld ContactsHutt InfluenceJabba's Palace: Lower PassagesMercenary PilotMighty JabbaMy Kind Of ScumFearless And InventiveNo EscapePower Of The HuttRacing SkiffStun BlasterTatooine: Desert Heart","images/LS/objective.gif","","
 Rarity

PM

PM

PM

PM

PM

PM

PM

PM

PM

PM

 Rarity

PM

PM

PM

PM

PM

PM

PM

PM

PM

PM
","images/starwars/JabbasPalaceSealedDeck-Light/large/agentsinthecourt.gif","/img/JabbasPalaceSealedDeck-Light/agentsinthecourt.gif"
"Premium","Agents In The Court No Love For The EmpireJabba's Palace: AntechamberLando With Vibro-AxOunee TaPalace RaiderRacing SkiffSeeking An AudienceStun BlasterTatooine: Hutt Trade Route (Desert)Underworld Contacts","images/LS/objective.gif","","
 Rarity

PM

PM

PM

PM

PM

PM

PM

PM

PM

PM
","images/starwars/JabbasPalaceSealedDeck-Light/large/agentsinthecourt.gif","/img/JabbasPalaceSealedDeck-Light/agentsinthecourt.gif"
"Premium","Agents In The Court No Love For The Empire","images/LS/objective.gif","","PM","images/starwars/JabbasPalaceSealedDeck-Light/large/agentsinthecourt.gif","/img/JabbasPalaceSealedDeck-Light/agentsinthecourt.gif"
"Premium","Jabba's Palace: Antechamber","images/LS/site.gif","","PM","images/starwars/JabbasPalaceSealedDeck-Light/large/jabbaspalaceantechamber.gif","/img/JabbasPalaceSealedDeck-Light/jabbaspalaceantechamber.gif"
"Premium","Lando With Vibro-Ax","images/LS/alien.gif","","PM","images/starwars/JabbasPalaceSealedDeck-Light/large/landowithvibroax.gif","/img/JabbasPalaceSealedDeck-Light/landowithvibroax.gif"
"Premium","Ounee Ta","images/LS/effect.gif","","PM","images/starwars/JabbasPalaceSealedDeck-Light/large/ouneeta.gif","/img/JabbasPalaceSealedDeck-Light/ouneeta.gif"
"Premium","Palace Raider","images/LS/alien.gif","Adds 2 to power of anything he pilots (or 3 to power of anything he drives). When driving a transport vehicle, it moves for free and he adds one battle destiny.","PM","images/starwars/JabbasPalaceSealedDeck-Light/large/palaceraider.gif","/img/JabbasPalaceSealedDeck-Light/palaceraider.gif"
"Premium","Racing Skiff","images/LS/vehicle.gif","May deploy with a non-unique alien driver as a 'react'. May add 1 driver and 3 passengers. May move as a 'react'. If lost, any characters aboard may 'jump off' (disembark).","PM","images/starwars/JabbasPalaceSealedDeck-Light/large/racingskiff.gif","/img/JabbasPalaceSealedDeck-Light/racingskiff.gif"
"Premium","Seeking An Audience","images/LS/effect.gif","Deploy on table. Once during each of your turns, may deploy one Underworld Contacts, [JP] Lando, [JP] Leia, R2-D2, or C-3PO from Reserve Deck; reshuffle. Also, while Luke is at a Jabba's Palace site, opponent's aliens there must use +1 Force to use their landspeed.","PM","images/starwars/JabbasPalaceSealedDeck-Light/large/seekinganaudience.gif","/img/JabbasPalaceSealedDeck-Light/seekinganaudience.gif"
"Premium","Stun Blaster","images/LS/weapon.gif","","PM","images/starwars/JabbasPalaceSealedDeck-Light/large/stunblaster.gif","/img/JabbasPalaceSealedDeck-Light/stunblaster.gif"
"Premium","Tatooine: Hutt Trade Route (Desert)","images/LS/site.gif","","PM","images/starwars/JabbasPalaceSealedDeck-Light/large/tatooinehutttraderoutedesert.gif","/img/JabbasPalaceSealedDeck-Light/tatooinehutttraderoutedesert.gif"
"Premium","Underworld Contacts","images/LS/effect.gif","Deploy on a Tatooine site. Your Force generation here is +1. Opponent may not cancel or modify Force drains at each Tatooine battleground site where you have two aliens with different card titles. At any time, you may use 2 Force to raise your converted Tatooine site to top.","PM","images/starwars/JabbasPalaceSealedDeck-Light/large/underworldcontacts.gif","/img/JabbasPalaceSealedDeck-Light/underworldcontacts.gif"
"Premium","Hutt InfluenceJabba's Palace: Lower PassagesMercenary PilotMighty JabbaMy Kind Of ScumFearless And InventiveNo EscapePower Of The HuttRacing SkiffStun BlasterTatooine: Desert Heart","images/DS/effect.gif","Deploy on table. Opponent may not cancel or modify Force drains at each Tatooine battleground site where you have two aliens with different card titles. Also, attrition against you is reduced by 2 when two of your nonunique aliens with different card titles are in battle.","
 Rarity

PM

PM

PM

PM

PM

PM

PM

PM

PM

PM
","images/starwars/JabbasPalaceSealedDeck-Dark/large/huttinfluence.gif","/img/JabbasPalaceSealedDeck-Dark/huttinfluence.gif"
"Premium","Hutt Influence","images/DS/effect.gif","Deploy on table. Opponent may not cancel or modify Force drains at each Tatooine battleground site where you have two aliens with different card titles. Also, attrition against you is reduced by 2 when two of your nonunique aliens with different card titles are in battle.","PM","images/starwars/JabbasPalaceSealedDeck-Dark/large/huttinfluence.gif","/img/JabbasPalaceSealedDeck-Dark/huttinfluence.gif"
"Premium","Jabba's Palace: Lower Passages","images/DS/site.gif","","PM","images/starwars/JabbasPalaceSealedDeck-Dark/large/jabbaspalacelowerpassages.gif","/img/JabbasPalaceSealedDeck-Dark/jabbaspalacelowerpassages.gif"
"Premium","Mercenary Pilot","images/DS/alien.gif","Adds 2 to power of anything he pilots or drives. When driving a transport vehicle, adds one battle destiny. When piloting at a cloud sector, once per turn adds one battle destiny during battle at a related exterior site.","PM","images/starwars/JabbasPalaceSealedDeck-Dark/large/mercenarypilot.gif","/img/JabbasPalaceSealedDeck-Dark/mercenarypilot.gif"
"Premium","Mighty Jabba","images/DS/alien.gif","","PM","images/starwars/JabbasPalaceSealedDeck-Dark/large/mightyjabba.gif","/img/JabbasPalaceSealedDeck-Dark/mightyjabba.gif"
"Premium","My Kind Of ScumFearless And Inventive","images/DS/objective.gif","","PM","images/starwars/JabbasPalaceSealedDeck-Dark/large/mykindofscum.gif","/img/JabbasPalaceSealedDeck-Dark/mykindofscum.gif"
"Premium","No Escape","images/DS/effect.gif","","PM","images/starwars/JabbasPalaceSealedDeck-Dark/large/noescape.gif","/img/JabbasPalaceSealedDeck-Dark/noescape.gif"
"Premium","Power Of The Hutt","images/DS/effect.gif","","PM","images/starwars/JabbasPalaceSealedDeck-Dark/large/powerofthehutt.gif","/img/JabbasPalaceSealedDeck-Dark/powerofthehutt.gif"
"Premium","Racing Skiff","images/DS/vehicle.gif","May deploy with a driver (must be Barada, Klaatu, or a non-unique alien) as a 'react'. May add 1 driver and 3 passengers. May move as a 'react'. If lost, any characters aboard may 'jump off' (disembark).","PM","images/starwars/JabbasPalaceSealedDeck-Dark/large/racingskiff.gif","/img/JabbasPalaceSealedDeck-Dark/racingskiff.gif"
"Premium","Stun Blaster","images/DS/weapon.gif","","PM","images/starwars/JabbasPalaceSealedDeck-Dark/large/stunblaster.gif","/img/JabbasPalaceSealedDeck-Dark/stunblaster.gif"
"Premium","Tatooine: Desert Heart","images/DS/site.gif","","PM","images/starwars/JabbasPalaceSealedDeck-Dark/large/tatooinedesertheart.gif","/img/JabbasPalaceSealedDeck-Dark/tatooinedesertheart.gif"
"Premium","A New Secret BaseArtoo-Detoo In Red 5Echo Base GarrisonMassassi Base Operations One In A MillionPrisoner 2187Set Your Course For AlderaanThe Ultimate Power In The Universe","images/LS/effect.gif","Deploy on 1st marker. Yavin 4 locations do not count for Imperial Decree. S-foils and your 'insert' cards are canceled. Once during each of your turns, may take up to two sites (or one site and one Effect) with 'Echo' in title or one planet system with two [Light Side Force] icons into hand from Reserve Deck; reshuffle. (Immune to Alter.)","
 Rarity

PM

PM

PM

PM

PM

 Rarity

PM
","images/starwars/ThirdAnthology-Light/large/anewsecretbase.gif","/img/ThirdAnthology-Light/anewsecretbase.gif"
"Premium","A New Secret BaseArtoo-Detoo In Red 5Echo Base GarrisonMassassi Base Operations One In A MillionPrisoner 2187","images/LS/effect.gif","Deploy on 1st marker. Yavin 4 locations do not count for Imperial Decree. S-foils and your 'insert' cards are canceled. Once during each of your turns, may take up to two sites (or one site and one Effect) with 'Echo' in title or one planet system with two [Light Side Force] icons into hand from Reserve Deck; reshuffle. (Immune to Alter.)","
 Rarity

PM

PM

PM

PM

PM
","images/starwars/ThirdAnthology-Light/large/anewsecretbase.gif","/img/ThirdAnthology-Light/anewsecretbase.gif"
"Premium","A New Secret Base","images/LS/effect.gif","Deploy on 1st marker. Yavin 4 locations do not count for Imperial Decree. S-foils and your 'insert' cards are canceled. Once during each of your turns, may take up to two sites (or one site and one Effect) with 'Echo' in title or one planet system with two [Light Side Force] icons into hand from Reserve Deck; reshuffle. (Immune to Alter.)","PM","images/starwars/ThirdAnthology-Light/large/anewsecretbase.gif","/img/ThirdAnthology-Light/anewsecretbase.gif"
"Premium","Artoo-Detoo In Red 5","images/LS/starship.gif","","PM","images/starwars/ThirdAnthology-Light/large/artoodetooinred5.gif","/img/ThirdAnthology-Light/artoodetooinred5.gif"
"Premium","Echo Base Garrison","images/LS/effect.gif","","PM","images/starwars/ThirdAnthology-Light/large/echobasegarrison.gif","/img/ThirdAnthology-Light/echobasegarrison.gif"
"Premium","Massassi Base Operations One In A Million","images/LS/objective.gif","","PM","images/starwars/ThirdAnthology-Light/large/massassibaseoperations .gif","/img/ThirdAnthology-Light/massassibaseoperations .gif"
"Premium","Prisoner 2187","images/LS/rebel.gif","Deploys only if Rescue The Princess on table. May not be transferred while imprisoned. Adds 2 to your Force drains here. For remainder of game, your objective cannot be placed out of play and, if Leia not on table, flip Sometimes I Amaze Even Myself.","PM","images/starwars/ThirdAnthology-Light/large/prisoner2187.gif","/img/ThirdAnthology-Light/prisoner2187.gif"
"Premium","Set Your Course For AlderaanThe Ultimate Power In The Universe","images/DS/objective.gif","","
 Rarity

PM
","images/starwars/ThirdAnthology-Dark/large/setyourcourseforalderaan.gif","/img/ThirdAnthology-Dark/setyourcourseforalderaan.gif"
"Premium","Set Your Course For AlderaanThe Ultimate Power In The Universe","images/DS/objective.gif","","PM","images/starwars/ThirdAnthology-Dark/large/setyourcourseforalderaan.gif","/img/ThirdAnthology-Dark/setyourcourseforalderaan.gif"
