"Theed","I'll Try Spinning","images/LS/admirals_order.gif","Landed starfighters and vehicles aboard starships are forfeit = 0. Once during your control phase may target your N-1 starfighter and opponent's starfighter present at same system. Both players draw destiny. You add your starfighter's power and maneuver. Opponent adds starfighter's power. Starship with lowest total is lost.","R","images/starwars/TheedPalace-Light/large/illtryspinning.gif","/img/TheedPalace-Light/illtryspinning.gif"
"Theed","Let's Go Left","images/LS/admirals_order.gif","","R","images/starwars/TheedPalace-Light/large/letsgoleft.gif","/img/TheedPalace-Light/letsgoleft.gif"
"Theed","Artoo, Brave Little Droid","images/LS/droid.gif","While aboard any starfighter, adds 2 to its power and hyperspeed. While in battle at a system, may place Artoo in Used Pile to cancel a just-drawn battle destiny. Cancels Lateral Damage targeting a starship at same system.","R","images/starwars/TheedPalace-Light/large/artoobravelittledroid.gif","/img/TheedPalace-Light/artoobravelittledroid.gif"
"Theed","Artoo, Brave Little Droid (AI)","images/LS/droid.gif","While aboard any starfighter, adds 2 to its power and hyperspeed. While in battle at a system, may place Artoo in Used Pile to cancel a just-drawn battle destiny. Cancels Lateral Damage targeting a starship at same system.","R","images/starwars/TheedPalace-Light/large/artoobravelittledroidai.gif","/img/TheedPalace-Light/artoobravelittledroidai.gif"
"Theed","Boss Nass","images/LS/alien.gif","While at an underwater site and all of your characters on Naboo are Gungans: add one battle destiny in battles at Naboo sites and once during your deploy phase may deploy a Gungan or Steady, Steady from Reserve Deck; reshuffle.","R","images/starwars/TheedPalace-Light/large/bossnass.gif","/img/TheedPalace-Light/bossnass.gif"
"Theed","Boss Nass (AI)","images/LS/alien.gif","While at an underwater site and all of your characters on Naboo are Gungans: add one battle destiny in battles at Naboo sites and once during your deploy phase may deploy a Gungan or Steady, Steady from Reserve Deck; reshuffle.","R","images/starwars/TheedPalace-Light/large/bossnassai.gif","/img/TheedPalace-Light/bossnassai.gif"
"Theed","Captain Tarpals","images/LS/alien.gif","Adds 1 to power of your other Gungans at same site. Opponent's characters may not move to underwater sites. Once per turn, if you just drew a Gungan for battle destiny, may deploy that Gungan for free to cancel that destiny and re-draw.","R","images/starwars/TheedPalace-Light/large/captaintarpals.gif","/img/TheedPalace-Light/captaintarpals.gif"
"Theed","Corporal Rushing","images/LS/republic.gif","Deploys -1 to Naboo. While firing a blaster, adds one to total weapon destiny. Once per battle, if a battle droid was just hit by a blaster here, battle droid is lost and oppopnent loses 1 Force.","U","images/starwars/TheedPalace-Light/large/corporalrushing.gif","/img/TheedPalace-Light/corporalrushing.gif"
"Theed","Dams Denna","images/LS/alien.gif","Once during your deploy phase, you may deploy a Kaadu, Fambaa or Eopie to same site from Reserve Deck; reshuffle. If you just lost a creature vehicle from same site, you may place that creature in your Used Pile.","U","images/starwars/TheedPalace-Light/large/damsdenna.gif","/img/TheedPalace-Light/damsdenna.gif"
"Theed","General Jar Jar","images/LS/alien.gif","","R","images/starwars/TheedPalace-Light/large/generaljarjar.gif","/img/TheedPalace-Light/generaljarjar.gif"
"Theed","General Jar Jar (AI)","images/LS/alien.gif","","R","images/starwars/TheedPalace-Light/large/generaljarjarai.gif","/img/TheedPalace-Light/generaljarjarai.gif"
"Theed","Gungan General","images/LS/alien.gif","Deploys -1 to Naboo. Your Gungans at same site are firfeit +2. While in a battle, if you just drew a Gungan for battle destiny you may take that card into hand.","C","images/starwars/TheedPalace-Light/large/gungangeneral.gif","/img/TheedPalace-Light/gungangeneral.gif"
"Theed","Gungan Guard","images/LS/alien.gif","Your Gungan leaders present may not be targeted by weapons. While defending a battle on Naboo, Power +4 and, whenever you draw a Gungan for battle destiny, add 3 to that destiny. Requires +2 Force to use landspeed.","C","images/starwars/TheedPalace-Light/large/gunganguard.gif","/img/TheedPalace-Light/gunganguard.gif"
"Theed","Jerus Jannick","images/LS/republic.gif","Deploys - 2 to same site as Amidala. While in a battle with Amidala or Leia, your leaders present may not be targeted by weapons, and Jerus may be forfeited to satisfy all battle damage and attrition against you.","U","images/starwars/TheedPalace-Light/large/jerusjannick.gif","/img/TheedPalace-Light/jerusjannick.gif"
"Theed","Lieutenant Arven Wendik","images/LS/republic.gif","Adds 2 to power of anything he pilots. While piloting Bravo 3 at same system as a battleship, adds one destiny to attrition only.","U","images/starwars/TheedPalace-Light/large/lieutenantarvenwendik.gif","/img/TheedPalace-Light/lieutenantarvenwendik.gif"
"Theed","Lieutenant Chamberlyn","images/LS/republic.gif","","U","images/starwars/TheedPalace-Light/large/lieutenantchamberlyn.gif","/img/TheedPalace-Light/lieutenantchamberlyn.gif"
"Theed","Lieutenant Rya Kirsch","images/LS/republic.gif","Adds 2 to power of anything he pilots. While aboard Bravo 4, draws one battle destiny if not able to otherwise, and opponent's droid starfighters are deploy +2 at same system.","U","images/starwars/TheedPalace-Light/large/lieutenantryakirsch.gif","/img/TheedPalace-Light/lieutenantryakirsch.gif"
"Theed","Mace Windu, Jedi Master","images/LS/jedi.gif","","R","images/starwars/TheedPalace-Light/large/macewindujedimaster.gif","/img/TheedPalace-Light/macewindujedimaster.gif"
"Theed","Mace Windu, Jedi Master (AI)","images/LS/jedi.gif","","R","images/starwars/TheedPalace-Light/large/macewindujedimasterai.gif","/img/TheedPalace-Light/macewindujedimasterai.gif"
"Theed","Officer Dolphe","images/LS/republic.gif","Adds 2 to power of anything he pilots. While aboard Bravo 2, draws one battle destiny if not able to otherwise, and opponent's battle destiny draws are -2 at same system.","U","images/starwars/TheedPalace-Light/large/officerdolphe.gif","/img/TheedPalace-Light/officerdolphe.gif"
"Theed","Officer Ellberger","images/LS/republic.gif","Adds 2 to power of anythings she pilots. While piloting Bravo 5 and at same system as a droid starfighter, adds one destiny to attrition only.","U","images/starwars/TheedPalace-Light/large/officerellberger.gif","/img/TheedPalace-Light/officerellberger.gif"
"Theed","Officer Perosei","images/LS/republic.gif","Once during your deploy phase, may use 1 Force to relocate Perosei to an adjacent Naboo site. While with a Republic character during battle, may place Perosei out of play to add 5 to your total power this battle.","U","images/starwars/TheedPalace-Light/large/officerperosei.gif","/img/TheedPalace-Light/officerperosei.gif"
"Theed","Panaka, Protector Of The Queen","images/LS/republic.gif","","R","images/starwars/TheedPalace-Light/large/panakaprotectorofthequeen.gif","/img/TheedPalace-Light/panakaprotectorofthequeen.gif"
"Theed","Panaka, Protector Of The Queen (AI)","images/LS/republic.gif","","R","images/starwars/TheedPalace-Light/large/panakaprotectorofthequeenai.gif","/img/TheedPalace-Light/panakaprotectorofthequeenai.gif"
"Theed","Queen Amidala","images/LS/republic.gif","","R","images/starwars/TheedPalace-Light/large/queenamidala.gif","/img/TheedPalace-Light/queenamidala.gif"
"Theed","Queen Amidala (AI)","images/LS/republic.gif","","R","images/starwars/TheedPalace-Light/large/queenamidalaai.gif","/img/TheedPalace-Light/queenamidalaai.gif"
"Theed","Qui-Gon Jinn With Lightsaber","images/LS/jedi.gif","","R","images/starwars/TheedPalace-Light/large/quigonjinnwithlightsaber.gif","/img/TheedPalace-Light/quigonjinnwithlightsaber.gif"
"Theed","Rep Been","images/LS/alien.gif","Deploys -1 to an underwater site. While at Boss Nass' Chamber: your Force generation here is +1 for each Gunganpresent, and once per game, may take an underwater site into hand from Reserve Deck; reshuffle.","U","images/starwars/TheedPalace-Light/large/repbeen.gif","/img/TheedPalace-Light/repbeen.gif"
"Theed","Ric Olie, Bravo Leader","images/LS/republic.gif","Adds 3 to power of anything he pilots. While piloting during a battle at a system where you have two piloted Bravo Squadron starfighters, adds two battle destiny.","R","images/starwars/TheedPalace-Light/large/ricoliebravoleader.gif","/img/TheedPalace-Light/ricoliebravoleader.gif"
"Theed","Royal Naboo Security Officer","images/LS/republic.gif","Power -1 while not on Naboo. While you have at least three other non-unique Royal Naboo Security Officers at related Naboo sites, draws one battle destiny if unable to otherwise.","C","images/starwars/TheedPalace-Light/large/royalnaboosecurityofficer.gif","/img/TheedPalace-Light/royalnaboosecurityofficer.gif"
"Theed","Get To Your Ships!","images/LS/effect.gif","Deploy on table. Once during your deploy phase, may reveal an unpiloted starfighter from hand to take its matching pilot character from Reserve Deck (or vice versa) and deploy both simultaneously; reshuffle. (Immune to Alter.)","C","images/starwars/TheedPalace-Light/large/gettoyourships.gif","/img/TheedPalace-Light/gettoyourships.gif"
"Theed","Gungan Energy Shield","images/LS/effect.gif","Deploy on an exterior site. While your Fambaa here: your characters here may not be targeted by weapons, oponent's battle destiny draws here are -1, and characters must use +1 Force when moving to or from here using their landspeed.","C","images/starwars/TheedPalace-Light/large/gunganenergyshield.gif","/img/TheedPalace-Light/gunganenergyshield.gif"
"Theed","It's On Automatic Pilot!","images/LS/effect.gif","Deploy on table. Your N-1 starfighters are forfeit +2. During every draw phase, opponent loses 1 Force unless they occupy a battleground system. Effect lost if you do not occupy two battleground systems with [Republic] starships.","C","images/starwars/TheedPalace-Light/large/itsonautomaticpilot.gif","/img/TheedPalace-Light/itsonautomaticpilot.gif"
"Theed","Naboo Celebration","images/LS/effect.gif","Deploy on table. If Amidala at a Theed Palace site (or Boss Nass at an exterior Naboo site), opponent's cards with ability deploy +2 there. Once during battle at a Naboo site, if you just drew a Gungan or Royal Naboo Security for battle destiny, opponent loses 1 Force.","R","images/starwars/TheedPalace-Light/large/naboocelebration.gif","/img/TheedPalace-Light/naboocelebration.gif"
"Theed","Senate Hovercam","images/LS/effect.gif","Deploy on Galactic Senate. Amidala is politics +1 here. While you have a senate majority, your Force generation here is +3. Place Effect in Lost Pile if opponent controls this location.","R","images/starwars/TheedPalace-Light/large/senatehovercam.gif","/img/TheedPalace-Light/senatehovercam.gif"
"Theed","Steady, Steady","images/LS/effect.gif","","C","images/starwars/TheedPalace-Light/large/steadysteady.gif","/img/TheedPalace-Light/steadysteady.gif"
"Theed","They Win This Round","images/LS/effect.gif","If opponent just Force drained you at a location, deploy on that location. Opponent's Force drains here are +1. Your battle destiny draws here are +1 If you control this location, may place Immediate Effect in Used Pile to retrieve 4 Force. (Immune to Control.)","R","images/starwars/TheedPalace-Light/large/theywinthisround.gif","/img/TheedPalace-Light/theywinthisround.gif"
"Theed","We Didn't Hit It","images/LS/effect.gif","Deploy on table. Your Force generation is +1 at systems you control. Opponent's non-unique starfighters are deploy +1 (or +2 to a system you occupy). (Immune to Alter.)","C","images/starwars/TheedPalace-Light/large/wedidnthitit.gif","/img/TheedPalace-Light/wedidnthitit.gif"
"Theed","Wesa Ready To Do Our-sa Part","images/LS/effect.gif","Deploy on table. If your Gungan was just lost from a site, may place him here. Once per battle, may place one of your Gungans here out of play to add 4 to your total power during that battle.","C","images/starwars/TheedPalace-Light/large/wesareadytodooursapart.gif","/img/TheedPalace-Light/wesareadytodooursapart.gif"
"Theed","Ascension Guns","images/LS/interrupt.gif","","U","images/starwars/TheedPalace-Light/large/ascensionguns.gif","/img/TheedPalace-Light/ascensionguns.gif"
"Theed","Big Boomers!","images/LS/interrupt.gif","If there is more than 1 card in opponent's Force Pile, opponent must use 1 Force. OR Take a Fambaa or Booma into hand from Reserve Deck; reshuffle. OR If you just drew weapon destiny for your Booma, cancel that destiny to cause a re-draw.","C","images/starwars/TheedPalace-Light/large/bigboomers.gif","/img/TheedPalace-Light/bigboomers.gif"
"Theed","Gimme A Lift!","images/LS/interrupt.gif","Relocate Jar Jar to a battle just initiated at an adjacent site. OR Increase Jar Jar's landspeed by 1 for remainder of turn. OR If Jar Jar on Brisky Morning Munchen, take him into hand.","R","images/starwars/TheedPalace-Light/large/gimmealift.gif","/img/TheedPalace-Light/gimmealift.gif"
"Theed","No Giben Up, General Jar Jar!","images/LS/interrupt.gif","If you just lost a Gungan from table, place him in your hand. OR If Jar Jar and Tarpals are in a battle together, add two battle destiny.","R","images/starwars/TheedPalace-Light/large/nogibenupgeneraljarjar.gif","/img/TheedPalace-Light/nogibenupgeneraljarjar.gif"
"Theed","Take This!","images/LS/interrupt.gif","If you are about to draw weapon destiny for Proton Torpedoes, instead draw 3 and choose 1. OR For rest of turn, add 2 to any attempt to 'blow away' Blockade Flagship. OR Take Proton Torpedoes or Bravo Fighter into hand from Reserve Deck; reshuffle.","C","images/starwars/TheedPalace-Light/large/takethis.gif","/img/TheedPalace-Light/takethis.gif"
"Theed","We Don't Have Time For This","images/LS/interrupt.gif","","R","images/starwars/TheedPalace-Light/large/wedonthavetimeforthis.gif","/img/TheedPalace-Light/wedonthavetimeforthis.gif"
"Theed","Wesa Gotta Grand Army","images/LS/interrupt.gif","USED: Take a Fambaa, Battle Plains, or Boss Nass' Chambers into hand from Reserve Deck; reshuffle. OR Subtract one from any just drawn weapon destiny.LOST: Target an opponent's undercover spy with your Gungan. Target is lost.","C","images/starwars/TheedPalace-Light/large/wesagottagrandarmy.gif","/img/TheedPalace-Light/wesagottagrandarmy.gif"
"Theed","Whoooo!","images/LS/interrupt.gif","Take a unique (ï¿½) N-1 starfighter into hand from Reserve Deck; reshuffle. OR If a battle was just initiated at a system where opponent has a droid starfighter, all droid starfighters at that system are power -1 for remainder of turn.","C","images/starwars/TheedPalace-Light/large/whoooo.gif","/img/TheedPalace-Light/whoooo.gif"
"Theed","Blockade Flagship: Docking Bay","images/LS/site.gif","","U","images/starwars/TheedPalace-Light/large/blockadeflagshipdockingbay.gif","/img/TheedPalace-Light/blockadeflagshipdockingbay.gif"
"Theed","Naboo: Boss Nass' Chambers","images/LS/site.gif","","U","images/starwars/TheedPalace-Light/large/naboobossnassschambers.gif","/img/TheedPalace-Light/naboobossnassschambers.gif"
"Theed","Naboo: Otoh Gunga Entrance","images/LS/site.gif","","U","images/starwars/TheedPalace-Light/large/naboootohgungaentrance.gif","/img/TheedPalace-Light/naboootohgungaentrance.gif"
"Theed","Naboo: Theed Palace Hallway","images/LS/site.gif","","U","images/starwars/TheedPalace-Light/large/nabootheedpalacehallway.gif","/img/TheedPalace-Light/nabootheedpalacehallway.gif"
"Theed","We Have A Plan They Will Be Lost And Confused","images/LS/objective.gif","","U","images/starwars/TheedPalace-Light/large/wehaveaplan.gif","/img/TheedPalace-Light/wehaveaplan.gif"
"Theed","Bravo 1","images/LS/starship.gif","","R","images/starwars/TheedPalace-Light/large/bravo1.gif","/img/TheedPalace-Light/bravo1.gif"
"Theed","Bravo 2","images/LS/starship.gif","","U","images/starwars/TheedPalace-Light/large/bravo2.gif","/img/TheedPalace-Light/bravo2.gif"
"Theed","Bravo 3","images/LS/starship.gif","","U","images/starwars/TheedPalace-Light/large/bravo3.gif","/img/TheedPalace-Light/bravo3.gif"
"Theed","Bravo 4","images/LS/starship.gif","","U","images/starwars/TheedPalace-Light/large/bravo4.gif","/img/TheedPalace-Light/bravo4.gif"
"Theed","Bravo 5","images/LS/starship.gif","","U","images/starwars/TheedPalace-Light/large/bravo5.gif","/img/TheedPalace-Light/bravo5.gif"
"Theed","Bravo Fighter","images/LS/starship.gif","","C","images/starwars/TheedPalace-Light/large/bravofighter.gif","/img/TheedPalace-Light/bravofighter.gif"
"Theed","Fambaa","images/LS/vehicle.gif","May add 2 'riders' (passengers). Ability + 1/2. Requires +1 Force to use landspeed. May not be attacked by creatures.","C","images/starwars/TheedPalace-Light/large/fambaa.gif","/img/TheedPalace-Light/fambaa.gif"
"Theed","Gian Speeder","images/LS/vehicle.gif","May add 1 driver and 3 passengers. May move as a 'react' to Naboo sites. Your battle destiny draws are +1 for each of your Royal Naboo Security present. (Limit +3.)","C","images/starwars/TheedPalace-Light/large/gianspeeder.gif","/img/TheedPalace-Light/gianspeeder.gif"
"Theed","Kaadu","images/LS/vehicle.gif","May add 1 'rider' (passenger). Ability = 1/2. Moves for free. While 'ridden' by a Gungan, may move as a 'react.' While at a swamp, adds 1 to your Force drains there.","C","images/starwars/TheedPalace-Light/large/kaadu.gif","/img/TheedPalace-Light/kaadu.gif"
"Theed","Amidala's Blaster","images/LS/weapon.gif","","R","images/starwars/TheedPalace-Light/large/amidalasblaster.gif","/img/TheedPalace-Light/amidalasblaster.gif"
"Theed","Booma","images/LS/weapon.gif","","C","images/starwars/TheedPalace-Light/large/booma.gif","/img/TheedPalace-Light/booma.gif"
"Theed","Captain Tarpals' Electropole","images/LS/weapon.gif","","C","images/starwars/TheedPalace-Light/large/captaintarpalselectropole.gif","/img/TheedPalace-Light/captaintarpalselectropole.gif"
"Theed","Electropole","images/LS/weapon.gif","","C","images/starwars/TheedPalace-Light/large/electropole.gif","/img/TheedPalace-Light/electropole.gif"
"Theed","Proton Torpedoes","images/LS/weapon.gif","","C","images/starwars/TheedPalace-Light/large/protontorpedoes.gif","/img/TheedPalace-Light/protontorpedoes.gif"
"Theed","Nothing Can Get Through Our Shield","images/DS/admirals_order.gif","","R","images/starwars/TheedPalace-Dark/large/nothingcangetthroughourshield.gif","/img/TheedPalace-Dark/nothingcangetthroughourshield.gif"
"Theed","The Deflector Shield Is Too Strong","images/DS/admirals_order.gif","Landed starfighters and vehicles aboard starships are forfeit = 0. Once during your control phase may target your droid starfighter and opponent's starfighter present at same system. Both players draw destiny. You add your starfighter's power and maneuver. Opponent adds starfighter's power. Starship with lowest total is lost.","R","images/starwars/TheedPalace-Dark/large/thedeflectorshieldistoostrong.gif","/img/TheedPalace-Dark/thedeflectorshieldistoostrong.gif"
"Theed","3B3-10","images/DS/droid.gif","While at Theed Palace Hallway, opponent's characters may not move from here. Once per game may take Halt! Into hand from Reserve Deck; reshuffle.","U","images/starwars/TheedPalace-Dark/large/3b310.gif","/img/TheedPalace-Dark/3b310.gif"
"Theed","3B3-1204","images/DS/droid.gif","While with two other battle droids, may use 1 Force to target an opponent's Jedi present. Target's immunity to attrition is canceled for remainder of turn.","U","images/starwars/TheedPalace-Dark/large/3b31204.gif","/img/TheedPalace-Dark/3b31204.gif"
"Theed","3B3-21","images/DS/droid.gif","If opponent just initiated a battle at same site, may use X Force to reveal the top X cards of your Reserve Deck. (maximum 4). Any battle droids revealed this way may deploy for free; all other cards are lost.","U","images/starwars/TheedPalace-Dark/large/3b321.gif","/img/TheedPalace-Dark/3b321.gif"
"Theed","3B3-888","images/DS/droid.gif","Once per turn may use 1 Force to target an opponent's character present; target is defense value -3 for remainder of turn. While with another battle droid at a site, draws one battle destiny if unable to otherwise.","U","images/starwars/TheedPalace-Dark/large/3b3888.gif","/img/TheedPalace-Dark/3b3888.gif"
"Theed","Battle Droid Officer","images/DS/droid.gif","Your infantry battle droids deploy -1 to same site. While with another battle droid, adds 1 to your total battle destiny here. Your battle droids may move to this site for free.","C","images/starwars/TheedPalace-Dark/large/battledroidofficer.gif","/img/TheedPalace-Dark/battledroidofficer.gif"
"Theed","Battle Droid Pilot","images/DS/droid.gif","Adds 2 to power of anything he pilots (3 while piloting a battleship). While piloting a battleship, draws one battle destiny if unable to otherwise.","C","images/starwars/TheedPalace-Dark/large/battledroidpilot.gif","/img/TheedPalace-Dark/battledroidpilot.gif"
"Theed","Bok Askol","images/DS/alien.gif","Once during your deploy phase, may draw destiny: (0-2) no result; (3-4) Askol draws one battle destiny if unable to otherwise for remainder of turn; (5+) Askol is power +4 for remainder of turn.","U","images/starwars/TheedPalace-Dark/large/bokaskol.gif","/img/TheedPalace-Dark/bokaskol.gif"
"Theed","Captain Daultay Dofine","images/DS/republic.gif","","R","images/starwars/TheedPalace-Dark/large/captaindaultaydofine.gif","/img/TheedPalace-Dark/captaindaultaydofine.gif"
"Theed","Darth Maul With Lightsaber","images/DS/maul.gif","","R","images/starwars/TheedPalace-Dark/large/darthmaulwithlightsaber.gif","/img/TheedPalace-Dark/darthmaulwithlightsaber.gif"
"Theed","Darth Sidious","images/DS/jedi.gif","While no other characters present, if opponent just lost a Jedi from table, may lose 1 Force to place that Jedi out of play. While on Coruscant, may use 1 Force to add one battle destiny in a battle your Neimoidian is in. Immune to attrition.","R","images/starwars/TheedPalace-Dark/large/darthsidious.gif","/img/TheedPalace-Dark/darthsidious.gif"
"Theed","Darth Sidious (AI)","images/DS/jedi.gif","While no other characters present, if opponent just lost a Jedi from table, may lose 1 Force to place that Jedi out of play. While on Coruscant, may use 1 Force to add one battle destiny in a battle your Neimoidian is in. Immune to attrition.","R","images/starwars/TheedPalace-Dark/large/darthsidiousai.gif","/img/TheedPalace-Dark/darthsidiousai.gif"
"Theed","Infantry Battle Droid","images/DS/droid.gif","Power +1 in battles you initiate. Once per turn, if this droid just fired a blaster and 'hit' an opponent's character, opponent loses 1 Force. Opponent's Gungans and Republic characters present are forfeit -1.","C","images/starwars/TheedPalace-Dark/large/infantrybattledroid.gif","/img/TheedPalace-Dark/infantrybattledroid.gif"
"Theed","Nute Gunray, Neimoidian Viceroy","images/DS/republic.gif","","R","images/starwars/TheedPalace-Dark/large/nutegunrayneimoidianviceroy.gif","/img/TheedPalace-Dark/nutegunrayneimoidianviceroy.gif"
"Theed","Nute Gunray, Neimoidian Viceroy (AI)","images/DS/republic.gif","","R","images/starwars/TheedPalace-Dark/large/nutegunrayneimoidianviceroyai.gif","/img/TheedPalace-Dark/nutegunrayneimoidianviceroyai.gif"
"Theed","OOM-9","images/DS/droid.gif","Adds 2 to power of anything he pilots. May add or subtract one from a just drawn Energy Shell weapon destiny draw here. While at Battle Plains, twice per game may take Open Fire! or Cease Fire! into hand from Reserve Deck; reshuffle.","U","images/starwars/TheedPalace-Dark/large/oom9.gif","/img/TheedPalace-Dark/oom9.gif"
"Theed","OWO-1 With Backup","images/DS/droid.gif","Requires +2 Force to use Landspeed. Power +1 for each opponent's Jedi present. While with a battledroid at a site, draws two battle destiny if unable to otherwise. Opponent's Force drains are -1 at adjacent sites.","R","images/starwars/TheedPalace-Dark/large/owo1withbackup.gif","/img/TheedPalace-Dark/owo1withbackup.gif"
"Theed","Rayno Vaca","images/DS/republic.gif","Your characters may move from here using their landspeed for free. During your control phase, may place Vaca in Used Pile to take Lana Dobreed into hand from Reserve Deck; reshuffle.","U","images/starwars/TheedPalace-Dark/large/raynovaca.gif","/img/TheedPalace-Dark/raynovaca.gif"
"Theed","Rune Haako, Legal Counsel","images/DS/republic.gif","While at Theed Palce Throne Room, your attrition against opponent in battles at same and related Naboo sites is +X, where X = number of battle druids present at that site. While with a battle droid, Haako is power and defense value +2.","R","images/starwars/TheedPalace-Dark/large/runehaakolegalcounsel.gif","/img/TheedPalace-Dark/runehaakolegalcounsel.gif"
"Theed","Rune Haako, Legal Counsel (AI)","images/DS/republic.gif","While at Theed Palce Throne Room, your attrition against opponent in battles at same and related Naboo sites is +X, where X = number of battle druids present at that site. While with a battle droid, Haako is power and defense value +2.","R","images/starwars/TheedPalace-Dark/large/runehaakolegalcounselai.gif","/img/TheedPalace-Dark/runehaakolegalcounselai.gif"
"Theed","Sil Unch","images/DS/republic.gif","","U","images/starwars/TheedPalace-Dark/large/silunch.gif","/img/TheedPalace-Dark/silunch.gif"
"Theed","SSA-1015","images/DS/droid.gif","While with an opponent's Jedi, your other battle droids present are power +1. Opponent's Jedi are deploy +4 to same site. While with another battle droid at a site, draws one battle destiny if unable to otherwise.","U","images/starwars/TheedPalace-Dark/large/ssa1015.gif","/img/TheedPalace-Dark/ssa1015.gif"
"Theed","SSA-306","images/DS/droid.gif","At same site, opponent's spies and smugglers are deploy +4 and may not apply their ability toward drawing battle destiny. While with another battle droid at a site, draws one battle destiny if unable to otherwise.","U","images/starwars/TheedPalace-Dark/large/ssa306.gif","/img/TheedPalace-Dark/ssa306.gif"
"Theed","SSA-719","images/DS/droid.gif","While with another battle droid, power +3. If with a battle droid on Naboo and you just verified opponent's Reserve Deck, may lose 2 Force to search that Reserve Deck and place one card you find there out of play.","R","images/starwars/TheedPalace-Dark/large/ssa719.gif","/img/TheedPalace-Dark/ssa719.gif"
"Theed","Tank Commander","images/DS/droid.gif","","C","images/starwars/TheedPalace-Dark/large/tankcommander.gif","/img/TheedPalace-Dark/tankcommander.gif"
"Theed","Activate The Droids","images/DS/effect.gif","Deploy on your Blockade Flagship (may not deploy on a site). Whenever you initiate a battle at a related planet site where youhave a battle droid, you may activate 2 Force or retrieve 1 Force.","C","images/starwars/TheedPalace-Dark/large/activatethedroids.gif","/img/TheedPalace-Dark/activatethedroids.gif"
"Theed","After Her!","images/DS/effect.gif","If opponent just Force drained you at a location, deploy on that location. Opponent's Force drains here are +1. Your battle destiny draws here are +1. If you control this location, may place Immediate Effect in Used Pile to retrieve 4 Force. (Immune to Control.)","R","images/starwars/TheedPalace-Dark/large/afterher.gif","/img/TheedPalace-Dark/afterher.gif"
"Theed","At Last We Are Getting Results","images/DS/effect.gif","Deploy on table. Your [Trade Federation] starfighters are forfeit +2. During every draw phase, opponent loses 1 Force unless they occupy a battleground system. ffect lost if you do not occupy two battleground systems with [Trade Federation] starships.","C","images/starwars/TheedPalace-Dark/large/atlastwearegettingresults.gif","/img/TheedPalace-Dark/atlastwearegettingresults.gif"
"Theed","Droid Racks","images/DS/effect.gif","Use 4 Force to deploy on table. If your battle droid was just lost, may place it here. During your control phase, may use 2 Force (1 Force if your piloted MTT on table) to take any battle droid from here into hand. (Immune to Alter.)","R","images/starwars/TheedPalace-Dark/large/droidracks.gif","/img/TheedPalace-Dark/droidracks.gif"
"Theed","Fighters Straight Ahead","images/DS/effect.gif","Deploy on table. Your Force generation is +1 at systems you control. Opponent's non-unique starfighters are deploy +1 (or +2 to a system you occupy). (Immune to Alter.)","U","images/starwars/TheedPalace-Dark/large/fightersstraightahead.gif","/img/TheedPalace-Dark/fightersstraightahead.gif"
"Theed","Naboo Occupation","images/DS/effect.gif","Deploy on table. During your draw phase, may use 3 Force: until end of next turn, opponent generates no Force at Naboo sites you control with a battle droid. Place Effect in Lost Pile if you have no battle droids on Naboo. (Immune to Alter.)","R","images/starwars/TheedPalace-Dark/large/naboooccupation.gif","/img/TheedPalace-Dark/naboooccupation.gif"
"Theed","Open Fire!","images/DS/effect.gif","Deploy on your AAT. Once during your control phase may use 3 Force to fire your AAT Laser Cannon on this AAT for free.","C","images/starwars/TheedPalace-Dark/large/openfire.gif","/img/TheedPalace-Dark/openfire.gif"
"Theed","Senate Hovercam","images/DS/effect.gif","Deploy on Galactic Senate. While you have a senate majority, your Force generation here is +3, and your Force generation at Coruscant locations is immune to This Place Can Be A Little Rough. Place Effect in Lost Pile if opponent controls this location.","R","images/starwars/TheedPalace-Dark/large/senatehovercam.gif","/img/TheedPalace-Dark/senatehovercam.gif"
"Theed","Cease Fire!","images/DS/interrupt.gif","If a battle was just initiated, lose 2 Force to prevent all weapons from being fired for remainder of battle. OR Target all your battle droids at a site. Targets may not have their forfeit value reduced for remainder of turn. OR Cancel Blaster Proficiency.","C","images/starwars/TheedPalace-Dark/large/ceasefire.gif","/img/TheedPalace-Dark/ceasefire.gif"
"Theed","Drop Your Weapons","images/DS/interrupt.gif","Target an opponent's weapon at same site as your battle droid. Each of that weapon's destiny draws are -1 for remainder of turn. OR If your battle droid just fired a blaster and hit a character, all opponent's weapons at same site are lost.","C","images/starwars/TheedPalace-Dark/large/dropyourweapons.gif","/img/TheedPalace-Dark/dropyourweapons.gif"
"Theed","Halt!","images/DS/interrupt.gif","During any deploy phase, target a character at same site as your battle droid. Target is landspeed = 0 for remainder of turn. OR If opponent just deployed a character to same site as your battle droid, opponent must use 1 Force or place that character in hand.","C","images/starwars/TheedPalace-Dark/large/halt.gif","/img/TheedPalace-Dark/halt.gif"
"Theed","Master, Destroyers!","images/DS/interrupt.gif","USED: Target a character at same site as two of your destroyer druids. For remainder or turn, target may not fire weapons and is power -2.LOST: Lose 1 Force to take up to three non-unique destroyer druids into hand from Reserve Deck; reshuffle.","R","images/starwars/TheedPalace-Dark/large/masterdestroyers.gif","/img/TheedPalace-Dark/masterdestroyers.gif"
"Theed","Rolling, Rolling, Rolling","images/DS/interrupt.gif","Take any non-unique destroyer droid into hand from Reserve Deck; reshuffle. OR During your deploy phase, relocate your destroyer droid to an adjacent site.","R","images/starwars/TheedPalace-Dark/large/rollingrollingrolling.gif","/img/TheedPalace-Dark/rollingrollingrolling.gif"
"Theed","Take Them Away","images/DS/interrupt.gif","USED: Subtract one from a just drawn battle destiny.LOST: During opponent's control phase, use X Force to 'break cover' of an opponent's undercover spy at same site as your battle droid or Neimoidian, where X = spy's deploy cost.","C","images/starwars/TheedPalace-Dark/large/takethemaway.gif","/img/TheedPalace-Dark/takethemaway.gif"
"Theed","There They Are!","images/DS/interrupt.gif","If a battle was just initiated, your non-unique battle druids are each power +1 for remainder of battle. (Immune to Sense if battle at a Naboo site.) OR Take a non-unique battle droid or non-unique droid starfighter into hand from Reserve Deck; reshuffle.","U","images/starwars/TheedPalace-Dark/large/theretheyare.gif","/img/TheedPalace-Dark/theretheyare.gif"
"Theed","This Is Not Good","images/DS/interrupt.gif","USED: For remainder of turn, subtract 2 from any attempt to 'blow away' Blockade Flagship.LOST: During any deploy phase, use 3 Force to target any starship at same system as your battleship. Target is hyperspeed = 0 until end of turn.","C","images/starwars/TheedPalace-Dark/large/thisisnotgood.gif","/img/TheedPalace-Dark/thisisnotgood.gif"
"Theed","Trade Federation Tactics","images/DS/interrupt.gif","Use 2 Force to target a starship at same system as your [Trade Federation] starship armed with a weapon. Target is forfeit = 0 until end of turn. OR During battle, add X to your total power, where X = armor of one of your [Trade Federation] starships in that battle.","U","images/starwars/TheedPalace-Dark/large/tradefederationtactics.gif","/img/TheedPalace-Dark/tradefederationtactics.gif"
"Theed","We're Hit, Artoo","images/DS/interrupt.gif","","C","images/starwars/TheedPalace-Dark/large/werehitartoo.gif","/img/TheedPalace-Dark/werehitartoo.gif"
"Theed","Blockade Flagship: Docking Bay","images/DS/site.gif","","U","images/starwars/TheedPalace-Dark/large/blockadeflagshipdockingbay.gif","/img/TheedPalace-Dark/blockadeflagshipdockingbay.gif"
"Theed","Naboo: Theed Palace Hallway","images/DS/site.gif","","U","images/starwars/TheedPalace-Dark/large/nabootheedpalacehallway.gif","/img/TheedPalace-Dark/nabootheedpalacehallway.gif"
"Theed","InvasionIn Complete Control","images/DS/objective.gif","","U","images/starwars/TheedPalace-Dark/large/invasion.gif","/img/TheedPalace-Dark/invasion.gif"
"Theed","Blockade Flagship","images/DS/starship.gif","May add 4 pilots, 4 passengers, 2 vehicles and 4 droid starfighters. Permanent pilot provides ability of 2. Once per game, may deploy a Neimoidian pilot aboard from Reserve Deck; reshuffle.","R","images/starwars/TheedPalace-Dark/large/blockadeflagship.gif","/img/TheedPalace-Dark/blockadeflagship.gif"
"Theed","DFS Squadron Starfighter","images/DS/starship.gif","Deploys -1 to Naboo or same system as your battleship. While at same system as your battleship, may deploy Droid Starfighter Laser Cannons aboard from Reserve Deck; reshuffle.","C","images/starwars/TheedPalace-Dark/large/dfssquadronstarfighter.gif","/img/TheedPalace-Dark/dfssquadronstarfighter.gif"
"Theed","DFS-1015","images/DS/starship.gif","Deploys -1 to same location as your battleship. While with another droid starfighter at a system, once per battle if about to draw a battle destiny here, may instead draw two and choose one.","U","images/starwars/TheedPalace-Dark/large/dfs1015.gif","/img/TheedPalace-Dark/dfs1015.gif"
"Theed","DFS-1308","images/DS/starship.gif","Deploys -1 to same location as your battleship. While with another droid starfighter at a system, opponent may not draw more than one battle destiny here.","R","images/starwars/TheedPalace-Dark/large/dfs1308.gif","/img/TheedPalace-Dark/dfs1308.gif"
"Theed","DFS-327","images/DS/starship.gif","While at same system as your battleship, DFS-327 is power +3, and opponent's pilots deploy +2 to starfighters at this system.","C","images/starwars/TheedPalace-Dark/large/dfs327.gif","/img/TheedPalace-Dark/dfs327.gif"
"Theed","Trade Federation Landing Craft","images/DS/starship.gif","May add 2 pilots and 6 vehicles. Deploys and moves like a starfighter. While at a site, once during your deploy phase may take an MTT into hand from Reserve Deck; reshuffle.","C","images/starwars/TheedPalace-Dark/large/tradefederationlandingcraft.gif","/img/TheedPalace-Dark/tradefederationlandingcraft.gif"
"Theed","AAT Assault Leader","images/DS/vehicle.gif","","R","images/starwars/TheedPalace-Dark/large/aatassaultleader.gif","/img/TheedPalace-Dark/aatassaultleader.gif"
"Theed","Armored Attack Tank","images/DS/vehicle.gif","","U","images/starwars/TheedPalace-Dark/large/armoredattacktank.gif","/img/TheedPalace-Dark/armoredattacktank.gif"
"Theed","Multi Troop Transport","images/DS/vehicle.gif","","U","images/starwars/TheedPalace-Dark/large/multitrooptransport.gif","/img/TheedPalace-Dark/multitrooptransport.gif"
"Theed","Single Trooper Aerial Platform","images/DS/vehicle.gif","","C","images/starwars/TheedPalace-Dark/large/singletrooperaerialplatform.gif","/img/TheedPalace-Dark/singletrooperaerialplatform.gif"
"Theed","TT-6","images/DS/vehicle.gif","","R","images/starwars/TheedPalace-Dark/large/tt6.gif","/img/TheedPalace-Dark/tt6.gif"
"Theed","TT-9","images/DS/vehicle.gif","","R","images/starwars/TheedPalace-Dark/large/tt9.gif","/img/TheedPalace-Dark/tt9.gif"
"Theed","AAT Laser Cannon","images/DS/weapon.gif","","U","images/starwars/TheedPalace-Dark/large/aatlasercannon.gif","/img/TheedPalace-Dark/aatlasercannon.gif"
"Theed","Droid Starfighter Laser Cannons","images/DS/weapon.gif","","C","images/starwars/TheedPalace-Dark/large/droidstarfighterlasercannons.gif","/img/TheedPalace-Dark/droidstarfighterlasercannons.gif"
"Theed","Energy Shell Launchers","images/DS/weapon.gif","Deploy on your AAT. May target a character or vehicle using 1 Force. Draw destiny. May subtract 1. If destiny = target's destiny number, target is hit.","C","images/starwars/TheedPalace-Dark/large/energyshelllaunchers.gif","/img/TheedPalace-Dark/energyshelllaunchers.gif"
"Theed","STAP Blaster Cannons","images/DS/weapon.gif","","C","images/starwars/TheedPalace-Dark/large/stapblastercannons.gif","/img/TheedPalace-Dark/stapblastercannons.gif"
