"VBlock1","Artoo (V)","images/LS/droid.gif","Heroic. Death Star Plans ignores objective game text, but only draws one destiny. Leia may not move (or be carried) the turn she is released. Once per game, may deploy Trash Compactor from Reserve Deck; reshuffle. May not be Undercover, 'choked,' or targeted by Emperor.(Original concept by Jared Lockwood - Origins V-Lite 2005)","R","images/starwars/Virtual1-Light/large/artoo.gif","/img/Virtual1-Light/artoo.gif"
"VBlock1","Beru Lars (V)","images/LS/rebel.gif","Once per turn, if present at a farm and a destiny was just drawn that is within 1 of the destiny of your 'crop,' may use 1 Force to place 'crop' in Used Pile. Whenever you play Beru Stew or Blue Milk, may draw top card from your Reserve Deck.","U2","images/starwars/Virtual1-Light/large/berulars.gif","/img/Virtual1-Light/berulars.gif"
"VBlock1","Biggs Darklighter (V)","images/LS/rebel.gif","Adds 2 to power of anything he pilots. Deploys free to Beggar's Canyon, Red 3, or same location as Fel or Hobbie. While piloting Red 3, it has an [Nav Computer] aboard. During your control phase, may take one Old Times into hand from Reserve Deck; reshuffle.","R2","images/starwars/Virtual1-Light/large/biggsdarklighter.gif","/img/Virtual1-Light/biggsdarklighter.gif"
"VBlock1","BoShek (V)","images/LS/alien.gif","","U1","images/starwars/Virtual1-Light/large/boshek.gif","/img/Virtual1-Light/boshek.gif"
"VBlock1","Brainiac (V)","images/LS/alien.gif","","R1","images/starwars/Virtual1-Light/large/brainiac.gif","/img/Virtual1-Light/brainiac.gif"
"VBlock1","Bron Burs (V)","images/LS/alien.gif","Draws one battle destiny if unable to otherwise. While present at opponent's non-docking bay site, cancels its Dark Side game text. Blaster Rifle is a matching weapon for Bron.(Errata Text - September 9th, 2009)","R","images/starwars/Virtual1-Light/large/bronburs.gif","/img/Virtual1-Light/bronburs.gif"
"VBlock1","C-3PO (See-Threepio) (V)","images/LS/droid.gif","During a battle at a site with R2-D2, may not be targeted by weapons, and may draw one destiny; subtract that amount from opponent's total power. Once per game, may place all your non-Immune to Alter Effects on table in Used Pile.","R1","images/starwars/Virtual1-Light/large/c3po.gif","/img/Virtual1-Light/c3po.gif"
"VBlock1","Chewbacca (V)","images/LS/rebel_alien.gif","Adds 2 to power of anything he pilots.  During your turn, may use 1 Force to take one Chewie's AT-ST, Chewbacca's Bowcaster, That's One, or an Interrupt with 'Chewie' or 'Wookiee' in game text into hand from Reserve Deck; reshuffle.(Errata Text - September 9th, 2009)","R2","images/starwars/Virtual1-Light/large/chewbacca.gif","/img/Virtual1-Light/chewbacca.gif"
"VBlock1","Chewie, Enraged (V)","images/LS/rebel.gif","Adds 2 to power of anything he pilots. While present at a site with Han or Leia, Chewie is Heroic and, unless hit, may be forfeited to satisfy all remaining attrition and battle damage against you. Once per game, may take Kashyyyk or Falcon into hand from Reserve Deck; reshuffle.","PM","images/starwars/Virtual1-Light/large/chewieenraged.gif","/img/Virtual1-Light/chewieenraged.gif"
"VBlock1","Colonel Feyn Gospic (V)","images/LS/rebel.gif","While Massassi Base Operations on table, opponent may deploy only one Imperial to each Yavin 4 site per turn. Doubles Rebel Tech bonus to Attack Run. Once per turn, may take Balanced Attack or a commander into hand from Reserve Deck; reshuffle.","R","images/starwars/Virtual1-Light/large/colonelfeyngospic.gif","/img/Virtual1-Light/colonelfeyngospic.gif"
"VBlock1","Commander Evram Lajaie (V)","images/LS/rebel.gif","While at your War Room, forfeit +3. Your starships with hyperspeed have a [Nav Computer]. Your piloted starships are forfeit +1.","C1","images/starwars/Virtual1-Light/large/commanderevramlajaie.gif","/img/Virtual1-Light/commanderevramlajaie.gif"
"VBlock1","Commander Vanden Willard (V)","images/LS/rebel.gif","Leia is defense value and forfeit +3. Your senators at battleground sites and characters at Yavin 4 locations are forfeit +2. Once per game, may take a non-[Permanent Weapon] Leia into hand from Reserve Deck; reshuffle.","U2","images/starwars/Virtual1-Light/large/commandervandenwillard.gif","/img/Virtual1-Light/commandervandenwillard.gif"
"VBlock1","Debnoli (V)","images/LS/alien.gif","","R","images/starwars/Virtual1-Light/large/debnoli.gif","/img/Virtual1-Light/debnoli.gif"
"VBlock1","General Dodonna (V)","images/LS/rebel.gif","","U1","images/starwars/Virtual1-Light/large/generaldodonna.gif","/img/Virtual1-Light/generaldodonna.gif"
"VBlock1","Han Solo (V)","images/LS/rebel.gif","Adds 3 to power of anything he pilots.  Cards with 'Han' in title are destiny +3.  May use 1 Force to cancel Boba Fett or Jabba's game text for remainder of turn.  If opponent just initiated battle here, may use 1 Force to take the first weapons segment action.(Errata Text - September 9th, 2009)","R1","images/starwars/Virtual1-Light/large/hansolo.gif","/img/Virtual1-Light/hansolo.gif"
"VBlock1","IL-19","images/LS/droid.gif","While at a non-Hoth site, adds one [Light Side Force]. If just forfeited, may use 1 Force to place this droid in Used Pile.(Original concept by Kyle Krueger - Washington States 2005)(Errata Text - September 9th, 2009)","U1","images/starwars/Virtual1-Light/large/il19.gif","/img/Virtual1-Light/il19.gif"
"VBlock1","Jek Porkins (V)","images/LS/rebel.gif","","U1","images/starwars/Virtual1-Light/large/jekporkins.gif","/img/Virtual1-Light/jekporkins.gif"
"VBlock1","Leia (V)","images/LS/rebel.gif","","PM","images/starwars/Virtual1-Light/large/leia.gif","/img/Virtual1-Light/leia.gif"
"VBlock1","Luke (V)","images/LS/rebel.gif","Adds 3 to power of anything he pilots. Adds one battle destiny with Biggs or if piloting a T-16. While piloting a T-16 alone at Beggar's Canyon, opponent must first use 1 Force to draw a card from Force Pile or retrieve a Force. Once per game, may deploy a T-16 here from Reserve Deck; reshuffle.","PM","images/starwars/Virtual1-Light/large/luke.gif","/img/Virtual1-Light/luke.gif"
"VBlock1","Luke Skywalker (V)","images/LS/rebel.gif","Adds 3 to power of anything he pilots. If piloting lead starfighter, Attack Run total is +3. During your control phase, if piloting at a battleground, may take Darklighter Spin into hand from Reserve Deck; reshuffle or retrieve 1 Force.","R1","images/starwars/Virtual1-Light/large/lukeskywalker.gif","/img/Virtual1-Light/lukeskywalker.gif"
"VBlock1","Melas (V)","images/LS/alien.gif","Adds 2 to power of anything he pilots. Once per turn, may 'smoke pipe' by placing a card from hand on your Used Pile; Melas is power and defense value +2, but cannot move this turn (if during your draw phase, may instead peek at the top two cards of any Reserve Deck.)(Original concept by Harikrishna Mehta - Berkeley V-Lite 2005)","R","images/starwars/Virtual1-Light/large/melas.gif","/img/Virtual1-Light/melas.gif"
"VBlock1","Obi-Wan Kenobi (V)","images/LS/rebel.gif","","R1","images/starwars/Virtual1-Light/large/obiwankenobi.gif","/img/Virtual1-Light/obiwankenobi.gif"
"VBlock1","Owen Lars (V)","images/LS/rebel.gif","Opponent activates no Force from Beru Stew. While present with Lars' Vaporator: during your control phase, may use 3 Force to exchange one card from hand with one 'crop' card; cards with 'lightsaber' in title may not deploy here.","U1","images/starwars/Virtual1-Light/large/owenlars.gif","/img/Virtual1-Light/owenlars.gif"
"VBlock1","R2-D2 (Artoo-Detoo) (V)","images/LS/droid.gif","During a battle with C-3PO, may not be targeted by weapons. While aboard a starfighter, it is power, maneuver, and hyperspeed +3. Unless you have 13 or more cards in hand, opponent may not place those cards in Used Pile.","R2","images/starwars/Virtual1-Light/large/r2d2.gif","/img/Virtual1-Light/r2d2.gif"
"VBlock1","Rebel Tech (V)","images/LS/rebel.gif","While on Yavin 4: cancels Force drain bonuses from Yavin sites' game text, your Attack Run total is cumulatively +1, and during your deploy phase, may place this character in Used Pile to take one Advance Preparation or Death Star: Trench into hand from Reserve Deck; reshuffle.(Errata Text - June 18th, 2010)","C1","images/starwars/Virtual1-Light/large/rebeltech.gif","/img/Virtual1-Light/rebeltech.gif"
"VBlock1","Rebel Trooper (V)","images/LS/rebel.gif","When drawn for weapon or battle destiny, destiny +2. While present at a site and armed with a blaster rifle, forfeit +2 and draws one battle destiny if unable to otherwise.","C3","images/starwars/Virtual1-Light/large/rebeltrooper.gif","/img/Virtual1-Light/rebeltrooper.gif"
"VBlock1","Red Leader (V)","images/LS/rebel.gif","Adds 2 to power of anything he pilots. While piloting at Dantooine system, when opponent deploys a character to a related site, they choose: opponent must lose 1 Force. OR that character may not battle or move this turn.","R1","images/starwars/Virtual1-Light/large/redleader.gif","/img/Virtual1-Light/redleader.gif"
"VBlock1","Theron Nett (V)","images/LS/rebel.gif","Adds 2 to power of anything he pilots. During your deploy phase, if piloting Red 10, may target one of your starships; deploy a non-[Theed Palace] astromech or matching pilot aboard target from Reserve Deck; reshuffle.(Original concept by Brian Herold - Minnesota States 2005)","U","images/starwars/Virtual1-Light/large/theronnett.gif","/img/Virtual1-Light/theronnett.gif"
"VBlock1","Wedge Antilles (V)","images/LS/rebel.gif","Adds 3 to power of anything he pilots. While piloting Pulsar Skate, it is maneuver +2 and Wedge draws one battle destiny if unable to otherwise. While at Tatooine (or with Booster, Luke, or Mirax), Set For Stun may not target characters here and Overwhelmed may not be played here.(Original concept by James Barnes - Texas States 2007)","R1","images/starwars/Virtual1-Light/large/wedgeantilles.gif","/img/Virtual1-Light/wedgeantilles.gif"
"VBlock1","Fusion Generator Supply Tanks (V)","images/LS/device.gif","Deploy on a docking bay or your capital starship. Your unique (�) starships are power, maneuver, and hyperspeed +1. May place this device in Lost Pile to cancel Lateral Damage. If opponent controls this location, place this device in Used Pile.","C2","images/starwars/Virtual1-Light/large/fusiongeneratorsupplytanks.gif","/img/Virtual1-Light/fusiongeneratorsupplytanks.gif"
"VBlock1","Lars' Hydroponics Station","images/LS/device.gif","Deploy on a farm. During your draw phase, while no 'crop' here, may use 1 Force to stack a 'crop' (any one card from Lost Pile) on this device. While you occupy this site, if any just drawn destiny matches destiny of 'crop', may place 'crop' in your Used Pile.","U2","images/starwars/Virtual1-Light/large/larshydroponicsstation.gif","/img/Virtual1-Light/larshydroponicsstation.gif"
"VBlock1","Lars' Vaporator","images/LS/device.gif","Deploy on a farm. Characters at same site are immune to Sandwhirl. Whenever you are about to activate Force from Beru Stew or Blue Milk, you may first take into hand from Reserve Deck Biggs, Camie, Crell, Fixer, Moisture Farmer, a Lars, or a [Special Edition] Tatooine site.","C2","images/starwars/Virtual1-Light/large/larsvaporator.gif","/img/Virtual1-Light/larsvaporator.gif"
"VBlock1","Tatooine Utility Belt (V)","images/LS/device.gif","Deploy on Han or a Lars. Character cannot be targeted by [Permanent Weapon] weapons or be captured. If just lost, place this device in Used Pile. Force loss from ...Or Be Destroyed must come from Reserve Deck (if possible) and may not be reduced below 2.(Original concept by Joe Olson - Alderaan Regionals 2006)","C2","images/starwars/Virtual1-Light/large/tatooineutilitybelt.gif","/img/Virtual1-Light/tatooineutilitybelt.gif"
"VBlock1","A Tremor In The Force (V)","images/LS/effect.gif","Deploy on table. Whenever you verify opponent's Reserve Deck, may place a card there with 'podracer' in game text out of play or retrieve 1 Force.","U1","images/starwars/Virtual1-Light/large/atremorintheforce.gif","/img/Virtual1-Light/atremorintheforce.gif"
"VBlock1","Cell 2187 (V)","images/LS/effect.gif","Deploy on table. Once per game, may deploy spy R2-D2 (for free) on table from Reserve Deck; reshuffle. During your control phase, if R2-D2 is with captive Leia, may use 1 Force to release her. While Sometimes I Amaze Even Myself on table, where Leia present, ignore Battle Order. May not be canceled. (Immune to Alter.)","R1","images/starwars/Virtual1-Light/large/cell2187.gif","/img/Virtual1-Light/cell2187.gif"
"VBlock1","Crash Site Memorial (V)","images/LS/effect.gif","Deploy on table. Dune Sea, Hutt Canyon, Jawa Camp, and Jawa Canyon are deserts. At deserts you occupy with a Jawa, Rontos and Sandcrawlers are power +1 and forfeit +2, and opponent's Force generation is canceled. (Immune to Alter.)","U1","images/starwars/Virtual1-Light/large/crashsitememorial.gif","/img/Virtual1-Light/crashsitememorial.gif"
"VBlock1","Demotion (V)","images/LS/effect.gif","","R2","images/starwars/Virtual1-Light/large/demotion.gif","/img/Virtual1-Light/demotion.gif"
"VBlock1","Faithful Service (V)","images/LS/effect.gif","","PM","images/starwars/Virtual1-Light/large/faithfulservice.gif","/img/Virtual1-Light/faithfulservice.gif"
"VBlock1","For Luck (V)","images/LS/effect.gif","Deploy on table. Once during your control phase, if opponent occupies a non-battleground location, may peek at top two cards of your Reserve Deck and take one into hand. (Immune to Alter.)","PM","images/starwars/Virtual1-Light/large/forluck.gif","/img/Virtual1-Light/forluck.gif"
"VBlock1","Grappling Hook (V)","images/LS/effect.gif","If opponent just played an Interrupt, unless three Grappling Hooks on table, use 1 Force to deploy on table and stack that Interrupt here. Other copies of stacked Interrupt are destiny -3. (Immune to Control.)","C2","images/starwars/Virtual1-Light/large/grapplinghook.gif","/img/Virtual1-Light/grapplinghook.gif"
"VBlock1","Hidden Fortress","images/LS/effect.gif","Deploy on table (only at start of game) with up to three systems from outside your deck face-down under here.  If non-[Virtual Block 4] Hidden Base on table: Once per game, may deploy a system from here and/or exchange Hidden Base indicator with a system (from parsec 1 to 8) under here. (Immune to Alter.)(Errata Text - September 9th, 2009)","R2","images/starwars/Virtual1-Light/large/hiddenfortress.gif","/img/Virtual1-Light/hiddenfortress.gif"
"VBlock1","I Can't Believe He's Gone (V)","images/LS/effect.gif","If Obi-Wan is out of play, use 1 Force to deploy on table. During battle, may use 1 Force to add 5 to your total power there for remainder of turn. Once per turn, if Luke a captive, may activate 1 Force. (Immune to Control.)(Original concept by Greg Shaw - Mystic Visions 2003)","C","images/starwars/Virtual1-Light/large/icantbelievehesgone.gif","/img/Virtual1-Light/icantbelievehesgone.gif"
"VBlock1","Jawa Siesta (V)","images/LS/effect.gif","Deploy on table. Your unique (�) Jawas are defense value +1. During battles at exterior Tatooine sites where your unique (�) Jawa is participating, may add one destiny to your total power.","U1","images/starwars/Virtual1-Light/large/jawasiesta.gif","/img/Virtual1-Light/jawasiesta.gif"
"VBlock1","K'lor'slug (V)","images/LS/effect.gif","Deploy on table. If your character in battle is about to be lost before the damage segment, it is instead lost at end of battle (if forfeited, forfeit for 0). Non-Jedi, non-[Permanent Weapon] characters may not have their deploy cost modified by Bad Feeling Have I. (Immune to Alter.)","R1","images/starwars/Virtual1-Light/large/klorslug.gif","/img/Virtual1-Light/klorslug.gif"
"VBlock1","Learn About The Force, Luke","images/LS/effect.gif","Deploy on table. Your non-[Jabba's Palace] Interrupts with 'alone' in game text are Used Interrupts, but if played during battle you draw no more than two battle destiny. Wherever you have a card with 'skill' in its game text, your Force drains and battle destiny draws are +1. (Immune to Alter.)","R1","images/starwars/Virtual1-Light/large/learnabouttheforceluke.gif","/img/Virtual1-Light/learnabouttheforceluke.gif"
"VBlock1","Logistical Delay (V)","images/LS/effect.gif","Deploy on table. During the power segment of a battle, may use X Force to reduce a starship's immunity to attrition by X for remainder of turn. Once per turn, may use 2 Force to cancel the game text of a [Maintenance] character or a senator for the remainder of turn.","U2","images/starwars/Virtual1-Light/large/logisticaldelay.gif","/img/Virtual1-Light/logisticaldelay.gif"
"VBlock1","Merc Sunlet (V)","images/LS/effect.gif","Deploy on table. Out Of Commission is canceled. Unless opponent has more cards in Lost Pile than you, whenever you lose Force, may use X Force and place any X cards from your Lost Pile out of play to reduce the loss by X. (Immune to Alter.)","C2","images/starwars/Virtual1-Light/large/mercsunlet.gif","/img/Virtual1-Light/mercsunlet.gif"
"VBlock1","Nightfall (V)","images/LS/effect.gif","Deploy on table. Once per game, may target a system. At related sites, 'nighttime conditions' are in effect and spies are deploy -2. (Immune to Alter.)","U1","images/starwars/Virtual1-Light/large/nightfall.gif","/img/Virtual1-Light/nightfall.gif"
"VBlock1","Obi-Wan's Cape (V)","images/LS/effect.gif","Deploy on Obi-Wan. Obi-Wan is defense value +1 and may not be excluded from battle. During opponent's turn, may place this Effect in Lost Pile to cancel a just drawn duel, lightsaber combat, or weapon destiny draw here.","R1","images/starwars/Virtual1-Light/large/obiwanscape.gif","/img/Virtual1-Light/obiwanscape.gif"
"VBlock1","Our Most Desperate Hour (V)","images/LS/effect.gif","","R1","images/starwars/Virtual1-Light/large/ourmostdesperatehour.gif","/img/Virtual1-Light/ourmostdesperatehour.gif"
"VBlock1","Plastoid Armor (V)","images/LS/effect.gif","Deploy on your non-droid character. Your Interrupts with 'back' in title are destiny = 5 and are Used Interrupts. Your characters are immune to Bad Feeling Have I. During opponent's move phase, may take an Interrupt with 'back' in title into hand from Reserve Deck; reshuffle.","U2","images/starwars/Virtual1-Light/large/plastoidarmor.gif","/img/Virtual1-Light/plastoidarmor.gif"
"VBlock1","Rycar Ryjerd (V)","images/LS/effect.gif","Deploy on table. If your character is about to be lost from table, place all devices and Effects on that character in owner's Used Pile. Twice per game, may take a device (or an Effect) that deploys on a character into hand from Reserve Deck; reshuffle. (Immune to Alter.)","U1","images/starwars/Virtual1-Light/large/rycarryjerd.gif","/img/Virtual1-Light/rycarryjerd.gif"
"VBlock1","Sai'torr Kal Fas (V)","images/LS/effect.gif","Deploy on table. During your deploy phase, if you just deployed a unique (�) character, may deploy a matching weapon on that character from Reserve Deck; reshuffle. (Immune to Alter.)","C2","images/starwars/Virtual1-Light/large/saitorrkalfas.gif","/img/Virtual1-Light/saitorrkalfas.gif"
"VBlock1","Scanner Techs (V)","images/LS/effect.gif","Deploy on table. During opponent's move phase, may use 3 Force to peek at opponent's hand or place a Political Effect (and all cards on it) in owner's Used Pile. Unless you have 13 or more cards in hand, opponent may not place those cards in Used Pile. (Immune to Alter.)","U1","images/starwars/Virtual1-Light/large/scannertechs.gif","/img/Virtual1-Light/scannertechs.gif"
"VBlock1","Solomahal (V)","images/LS/effect.gif","Deploy on your scout (except Luke). If scout (or starship they are aboard) was just targeted by a weapon, may place this Effect in Lost Pile to cancel that targeting.","C2","images/starwars/Virtual1-Light/large/solomahal.gif","/img/Virtual1-Light/solomahal.gif"
"VBlock1","Special Modifications (V)","images/LS/effect.gif","Deploy on table.  If your starship in battle is about to be lost before the damage segment, it is instead lost at end of battle (if forfeited, forfeit for 0).  May place this Effect in Lost Pile to make your starship immune to attrition for remainder of turn. (Immune to Alter.)(Errata Text - September 9th, 2009)","U1","images/starwars/Virtual1-Light/large/specialmodifications.gif","/img/Virtual1-Light/specialmodifications.gif"
"VBlock1","The Planet That It's Farthest From (V)","images/LS/effect.gif","Deploy on table. Once per turn, if you control more battlegrounds than opponent, when you lose Force to a Force drain, may retrieve X Force (may not be canceled), where X = all bonuses to that Force drain.","U","images/starwars/Virtual1-Light/large/theplanetthatitsfarthestfrom.gif","/img/Virtual1-Light/theplanetthatitsfarthestfrom.gif"
"VBlock1","Undercover (V)","images/LS/effect.gif","Deploy on your spy at a site. Spy is now Undercover. During your control phase, may take one Sabotage into hand from Reserve Deck; reshuffle. At same and related sites, opponent's [Permanent Weapon] weapon destiny draws are -1 (-2 if targeting this character). (Immune to Alter.)","U2","images/starwars/Virtual1-Light/large/undercover.gif","/img/Virtual1-Light/undercover.gif"
"VBlock1","Yerka Mig (V)","images/LS/effect.gif","Deploy on Cantina. While all your ability on table is provided by aliens and [Independent Starship] starship pilots: whenever you deploy a unique (�) alien to a battleground, may retrieve 1 Force; and, during battle, your total power is +3. If opponent controls this location, this Effect lost.","U1","images/starwars/Virtual1-Light/large/yerkamig.gif","/img/Virtual1-Light/yerkamig.gif"
"VBlock1","Advance Preparation (V)","images/LS/interrupt.gif","USED: Cancel Uncertain Is The FutureSTARTING: If Massassi Base Operations on table, deploy from Reserve Deck Death Star Schematics, Massassi War Room, and up to two Effects that deploy for free and are [Immune to Alter].  Place this Interrupt in hand.(Errata Text - September 9th, 2009)","U1","images/starwars/Virtual1-Light/large/advancepreparation.gif","/img/Virtual1-Light/advancepreparation.gif"
"VBlock1","Antilles Maneuver (V)","images/LS/interrupt.gif","","C","images/starwars/Virtual1-Light/large/antillesmaneuver.gif","/img/Virtual1-Light/antillesmaneuver.gif"
"VBlock1","Balanced Attack (V)","images/LS/interrupt.gif","If your corvette, cruiser, and frigate are in battle together, cancel an opponent's non-[Immune to Sense] Interrupt. OR Deploy a frigate (deploys -2) from Reserve Deck to same system as your corvette and cruiser; reshuffle. OR Deploy a cruiser (deploys -3) from Reserve Deck to same system as your corvette and frigate; reshuffle.","U","images/starwars/Virtual1-Light/large/balancedattack.gif","/img/Virtual1-Light/balancedattack.gif"
"VBlock1","Beru Stew (V)","images/LS/interrupt.gif","USED: Activate 1 Force (2 if a Lars on table). OR During battle at a farm, add the destiny number of your device on this farm to your total power.LOST: During battle at a farm, after battle destinies are drawn, place a 'crop' out of play to make attrition against you = 0.","U2","images/starwars/Virtual1-Light/large/berustew.gif","/img/Virtual1-Light/berustew.gif"
"VBlock1","Cantina Brawl (V)","images/LS/interrupt.gif","If a battle was just initiated at an interior site where both players have a participating character armed with a weapon, your weapon destiny draws there are +1 (+3 if at Cantina) for remainder of turn.","R1","images/starwars/Virtual1-Light/large/cantinabrawl.gif","/img/Virtual1-Light/cantinabrawl.gif"
"VBlock1","Darklighter Spin (V)","images/LS/interrupt.gif","Deploy a battleground system from Reserve Deck; reshuffle.  OR  If opponent just modified your battle destiny draw, cancel and redraw it (it may not be modified).  OR  If opponent just canceled your battle destiny draw, make that destiny = X instead, where X is the number of battlegrounds you occupy.","C","images/starwars/Virtual1-Light/large/darklighterspin.gif","/img/Virtual1-Light/darklighterspin.gif"
"VBlock1","Don't Tread On Me (V)","images/LS/interrupt.gif","USED: Use 1 Force to deploy an Effect that deploys for free on table (or on your side of table) and is always Immune to Alter from Reserve Deck; reshuffle.STARTING: When drawing your starting hand, draw up to 12 cards instead of 8. Place this Interrupt in Reserve Deck.(Original concept by Steven Lewis - PC Volunteer Award 2008)","R","images/starwars/Virtual1-Light/large/donttreadonme.gif","/img/Virtual1-Light/donttreadonme.gif"
"VBlock1","Escape Pod (V)","images/LS/interrupt.gif","Take a dejarik, hologram, or holosite into hand from Reserve Deck; reshuffle. OR Cancel a Force drain at a holosite. OR If opponent is about to place your character out of play, place that character in your Lost Pile instead.","U2","images/starwars/Virtual1-Light/large/escapepod.gif","/img/Virtual1-Light/escapepod.gif"
"VBlock1","Han's Back (V)","images/LS/interrupt.gif","Use 1 Force to deploy (or retrieve) Han's Heavy Blaster Pistol, Falcon, or Han from Reserve Deck; reshuffle. OR If opponent just drew weapon destiny targeting Falcon or Han, cancel and redraw that destiny.","U2","images/starwars/Virtual1-Light/large/hansback.gif","/img/Virtual1-Light/hansback.gif"
"VBlock1","Han's Dice (V)","images/LS/interrupt.gif","","C2","images/starwars/Virtual1-Light/large/hansdice.gif","/img/Virtual1-Light/hansdice.gif"
"VBlock1","Harvest (V)","images/LS/interrupt.gif","USED: Retrieve a device, or take a device into hand from Reserve Deck; reshuffle. (Immune to Sense.)STARTING: If your starting location was a Tatooine location, deploy from Reserve Deck a farm, two devices, and two Effects that are always [Immune to Alter].  Place this Interrupt in Reserve Deck.(Original concept by Ben Kline - Mystic Visions 2004)(Errata Text - September 9th, 2009)","R","images/starwars/Virtual1-Light/large/harvest.gif","/img/Virtual1-Light/harvest.gif"
"VBlock1","Into The Garbage Chute, Flyboy (V)","images/LS/interrupt.gif","Add one battle destiny at Incinerator, Trash Compactor, Watto's Junkyard, or a swamp.","R2","images/starwars/Virtual1-Light/large/intothegarbagechuteflyboy.gif","/img/Virtual1-Light/intothegarbagechuteflyboy.gif"
"VBlock1","Leia's Back (V)","images/LS/interrupt.gif","Use 1 Force to deploy (or retrieve) Leia's Blaster Rifle, Leia's Sporting Blaster, or Leia from Reserve Deck; reshuffle. OR If you just initiated a Force drain where Leia is present, use 2 Force to make that Force drain +2.","U2","images/starwars/Virtual1-Light/large/leiasback.gif","/img/Virtual1-Light/leiasback.gif"
"VBlock1","Luke's Back (V)","images/LS/interrupt.gif","Use 1 Force to \/ (or retrieve) Luke's Blaster Pistol, Luke's Lightsaber, or non-Jedi Luke. OR Unless Inner Strength on table, use 1 Force to cancel a just drawn weapon destiny targeting Luke (or a just drawn duel or lightsaber combat destiny if Luke is participating).","U2","images/starwars/Virtual1-Light/large/lukesback.gif","/img/Virtual1-Light/lukesback.gif"
"VBlock1","Panic (V)","images/LS/interrupt.gif","","U1","images/starwars/Virtual1-Light/large/panic.gif","/img/Virtual1-Light/panic.gif"
"VBlock1","Precise Hit (V)","images/LS/interrupt.gif","USED: If you just hit a target with a non-lightsaber non-[Permanent Weapon] weapon, may place target (and all cards on it) in owner's Used Pile.LOST: Target a Heroic character or starship. It loses Heroic and/or immunity to attrition, if any, this turn.","C","images/starwars/Virtual1-Light/large/precisehit.gif","/img/Virtual1-Light/precisehit.gif"
"VBlock1","Rebel Reinforcements (V)","images/LS/interrupt.gif","Once per game, if opponent has more cards with ability on table than you do, draw destiny and retrieve up to that number of Rebel characters and/or Rebel starships (may take one retrieved card into hand).","C1","images/starwars/Virtual1-Light/large/rebelreinforcements.gif","/img/Virtual1-Light/rebelreinforcements.gif"
"VBlock1","Return Of A Jedi (V)","images/LS/interrupt.gif","Use 1 Force to deploy (or retrieve) Obi-Wan, Obi-Wan's Cape, or Obi-Wan's Lightsaber from Reserve Deck; reshuffle. OR Unless Inner Strength on table, use 1 Force to cancel a just drawn weapon destiny targeting Obi-Wan (or a just drawn duel or lightsaber combat destiny if Obi-Wan is participating).","U2","images/starwars/Virtual1-Light/large/returnofajedi.gif","/img/Virtual1-Light/returnofajedi.gif"
"VBlock1","Sabotage (V)","images/LS/interrupt.gif","","U1","images/starwars/Virtual1-Light/large/sabotage.gif","/img/Virtual1-Light/sabotage.gif"
"VBlock1","Utinni! (V)","images/LS/interrupt.gif","Take an Utinni Effect into hand from Reserve Deck; reshuffle. OR Take a non-unique and/or a unique (�) Jawa into hand from Reserve Deck; reshuffle.","R1","images/starwars/Virtual1-Light/large/utinni.gif","/img/Virtual1-Light/utinni.gif"
"VBlock1","Alderaan (Blown Away)","images/LS/system.gif","","U2","images/starwars/Virtual1-Light/large/alderaanblownaway.gif","/img/Virtual1-Light/alderaanblownaway.gif"
"VBlock1","Tatooine: Lars' Moisture Farm (V)","images/LS/site.gif","","C1","images/starwars/Virtual1-Light/large/tatooinelarsmoisturefarm.gif","/img/Virtual1-Light/tatooinelarsmoisturefarm.gif"
"VBlock1","Gold 1 (V)","images/LS/starship.gif","","R2","images/starwars/Virtual1-Light/large/gold1.gif","/img/Virtual1-Light/gold1.gif"
"VBlock1","Gold Leader In Gold 1 (V)","images/LS/starship.gif","May add 1 pilot or passenger. Permanent pilot is �Dutch, who provides ability of 2. Opponent may not 'react' to here and must first use 1 Force to draw a card for battle destiny here.","PM","images/starwars/Virtual1-Light/large/goldleaderingold1.gif","/img/Virtual1-Light/goldleaderingold1.gif"
"VBlock1","Millennium Falcon (V)","images/LS/starship.gif","","R1","images/starwars/Virtual1-Light/large/millenniumfalcon.gif","/img/Virtual1-Light/millenniumfalcon.gif"
"VBlock1","Red 5 (V)","images/LS/starship.gif","","R1","images/starwars/Virtual1-Light/large/red5.gif","/img/Virtual1-Light/red5.gif"
"VBlock1","Tantive IV (V)","images/LS/starship.gif","May deploy without presence or Force icons. May add 3 pilots and 4 passengers. Permanent pilot provides ability of 2. Adds one [Light Side Force] and one [Dark Side Force] at same Dark Side system.","R1","images/starwars/Virtual1-Light/large/tantiveiv.gif","/img/Virtual1-Light/tantiveiv.gif"
"VBlock1","Sandcrawler (V)","images/LS/vehicle.gif","Permanent driver provides no ability. May add 7 passengers. Jawas at same site are power +1 and forfeit +2. During your deploy phase, may deploy a Jawa here from Reserve Deck; reshuffle.","R2","images/starwars/Virtual1-Light/large/sandcrawler.gif","/img/Virtual1-Light/sandcrawler.gif"
"VBlock1","Han's Heavy Blaster Pistol (V)","images/LS/weapon.gif","","R2","images/starwars/Virtual1-Light/large/hansheavyblasterpistol.gif","/img/Virtual1-Light/hansheavyblasterpistol.gif"
"VBlock1","Leia's Sporting Blaster (V)","images/LS/weapon.gif","","U1","images/starwars/Virtual1-Light/large/leiassportingblaster.gif","/img/Virtual1-Light/leiassportingblaster.gif"
"VBlock1","Luke's Hunting Rifle (V)","images/LS/weapon.gif","","U1","images/starwars/Virtual1-Light/large/lukeshuntingrifle.gif","/img/Virtual1-Light/lukeshuntingrifle.gif"
"VBlock1","Admiral Motti (V)","images/DS/imperial.gif","Adds 2 to power of anything he pilots.  Chiraneau may not modify your Force drains.  Kuat Drive Yards is [Immune to Alter].  Unless your Senate on table, unique (�) Star Destroyers are power +2 and immunity to attrition +1.  Once per game, may deploy non-[Virtual Block 4] Kuat Drive Yards from Reserve Deck; reshuffle.(Errata Text - September 9th, 2009)","R2","images/starwars/Virtual1-Dark/large/admiralmotti.gif","/img/Virtual1-Dark/admiralmotti.gif"
"VBlock1","Boba Fett (V)","images/DS/alien.gif","","R","images/starwars/Virtual1-Dark/large/bobafett.gif","/img/Virtual1-Dark/bobafett.gif"
"VBlock1","Commander Praji (V)","images/DS/imperial.gif","","U2","images/starwars/Virtual1-Dark/large/commanderpraji.gif","/img/Virtual1-Dark/commanderpraji.gif"
"VBlock1","Dannik Jerriko (V)","images/DS/alien.gif","If present where you just won a battle, may use 1 Force to place a card from opponent's Lost Pile out of play.","R1","images/starwars/Virtual1-Dark/large/dannikjerriko.gif","/img/Virtual1-Dark/dannikjerriko.gif"
"VBlock1","Danz Borin (V)","images/DS/alien.gif","Adds 3 to power of anything he pilots. May add 1 to Force drains at same Nal Hutta location. Danz is a matching pilot for any [Independent Starship] starship and while piloting one, may not draw more than one battle destiny here (that destiny may not be canceled or modified by opponent).(Original concept by Tyler Vastag - Twin Cities V-Lite 2006)","U2","images/starwars/Virtual1-Dark/large/danzborin.gif","/img/Virtual1-Dark/danzborin.gif"
"VBlock1","Darth Vader (V)","images/DS/imperial.gif","","R1","images/starwars/Virtual1-Dark/large/darthvader.gif","/img/Virtual1-Dark/darthvader.gif"
"VBlock1","Death Star Gunner (V)","images/DS/imperial.gif","While on Death Star: cancels Force drain bonuses from Death Star sites' game text, your [A New Hope] Epic Event total is cumulatively +2, and during your deploy phase, may place this character in Used Pile to take a Superlaser into hand from Reserve Deck; reshuffle.(Errata Text - June 18th, 2010)","C1","images/starwars/Virtual1-Dark/large/deathstargunner.gif","/img/Virtual1-Dark/deathstargunner.gif"
"VBlock1","Djas Puhr (V)","images/DS/alien.gif","","R2","images/starwars/Virtual1-Dark/large/djaspuhr.gif","/img/Virtual1-Dark/djaspuhr.gif"
"VBlock1","General Tagge (V)","images/DS/imperial.gif","During your control phase, may use 1 Force to take an Imperial trooper without armor into hand from Reserve Deck; reshuffle. Once per game, may place all your non-[Immune to Alter] Effects in Used Pile.","R2","images/starwars/Virtual1-Dark/large/generaltagge.gif","/img/Virtual1-Dark/generaltagge.gif"
"VBlock1","Greedo (V)","images/DS/alien.gif","During battle, may cancel the game text of a smuggler present with Greedo for remainder of turn. During your control phase, may take one Oo-ta Goo-ta, Solo? into hand from Reserve Deck; reshuffle.","R1","images/starwars/Virtual1-Dark/large/greedo.gif","/img/Virtual1-Dark/greedo.gif"
"VBlock1","Hem Dazon (V)","images/DS/alien.gif","During your deploy phase, may stack 'salt' (a card from hand) face down under Hem. Your total battle destiny here is +1 for each 'salt' card. During your control phase (or if Hem lost), may place all 'salt' cards in your Used Pile.","R1","images/starwars/Virtual1-Dark/large/hemdazon.gif","/img/Virtual1-Dark/hemdazon.gif"
"VBlock1","Imperial Pilot (V)","images/DS/imperial.gif","Adds 2 to power of anything she pilots. Matching pilot for TIE Avenger. While piloting a TIE: it is maneuver +2, it moves for free, and when this character is just lost, may use 1 Force to place her in Used Pile. Corvettes are deploy +1 here.","C2","images/starwars/Virtual1-Dark/large/imperialpilot.gif","/img/Virtual1-Dark/imperialpilot.gif"
"VBlock1","IT-O (Eyetee-Oh) (V)","images/DS/droid.gif","","R1","images/starwars/Virtual1-Dark/large/ito.gif","/img/Virtual1-Dark/ito.gif"
"VBlock1","Kitik Keed'kak (V)","images/DS/alien.gif","During battle, may add 1 to your attrition against opponent for each opponent's character present. May not deploy to or board starfighters or enclosed vehicles.","R1","images/starwars/Virtual1-Dark/large/kitikkeedkak.gif","/img/Virtual1-Dark/kitikkeedkak.gif"
"VBlock1","Labria (V)","images/DS/alien.gif","Once per game, may deploy Undercover on Labria from Reserve Deck; reshuffle. During your control phase, may reveal top card of Reserve Deck. Place revealed card on top of Force Pile, Reserve Deck, or Used Pile.","R2","images/starwars/Virtual1-Dark/large/labria.gif","/img/Virtual1-Dark/labria.gif"
"VBlock1","Prophetess (V)","images/DS/alien.gif","","U1","images/starwars/Virtual1-Dark/large/prophetess.gif","/img/Virtual1-Dark/prophetess.gif"
"VBlock1","Reegesk (V)","images/DS/alien.gif","During opponent's turn, if present at a battleground site, may steal a device, droid, starfighter, vehicle, or weapon in opponent's Lost Pile into your hand.","U2","images/starwars/Virtual1-Dark/large/reegesk.gif","/img/Virtual1-Dark/reegesk.gif"
"VBlock1","Reserve Pilot (V)","images/DS/imperial.gif","Adds 2 to power of anything he pilots. While piloting at a system, your total battle destiny here is cumulatively +1. If a battle at a system just ended, may deploy (for free) aboard a starship from which you forfeited a pilot character.","U1","images/starwars/Virtual1-Dark/large/reservepilot.gif","/img/Virtual1-Dark/reservepilot.gif"
"VBlock1","Rodian (V)","images/DS/alien.gif","Once per game, may deploy a bounty hunter (except Greedo) to same site from Reserve Deck; reshuffle. Unless another ���Rodian is at same or related site, your Force drain bonuses at same planet site may not be canceled.","C2","images/starwars/Virtual1-Dark/large/rodian.gif","/img/Virtual1-Dark/rodian.gif"
"VBlock1","Sandtrooper (V)","images/DS/imperial.gif","Deploys only to Tatooine or any desert. Immune to Sandwhirl. Your desert locations are destiny = 4. While 'riding' a dewback, power +3 and may not be targeted by lightsabers.","F","images/starwars/Virtual1-Dark/large/sandtrooper.gif","/img/Virtual1-Dark/sandtrooper.gif"
"VBlock1","Stormtrooper (V)","images/DS/imperial.gif","When drawn for weapon or battle destiny, destiny +2. While present at a site and armed with a blaster rifle, forfeit +2 and draws one battle destiny if unable to otherwise.","C3","images/starwars/Virtual1-Dark/large/stormtrooper.gif","/img/Virtual1-Dark/stormtrooper.gif"
"VBlock1","Tarkin (V)","images/DS/imperial.gif","Adds one battle destiny if with Vader (or a Rebel at a mobile site). Jar Jar and opponent's spies may not deploy to Death Star. Once per game may take Hyperwave Scan, Put All Sections On Alert, or an ISB agent into hand from Reserve Deck; reshuffle.","PM","images/starwars/Virtual1-Dark/large/tarkin.gif","/img/Virtual1-Dark/tarkin.gif"
"VBlock1","Trooper Davin Felth (V)","images/DS/imperial.gif","During your control phase, may take (or lose 1 Force to retrieve) one Local Trouble or Look Sir, Droids into hand from Reserve Deck; reshuffle. Opponent may not fire weapons during Local Trouble battles.","R2","images/starwars/Virtual1-Dark/large/trooperdavinfelth.gif","/img/Virtual1-Dark/trooperdavinfelth.gif"
"VBlock1","URoRRuR'R'R (V)","images/DS/alien.gif","Deploys only on Tatooine. While with another Tusken Raider: opponent's weapon destiny draws here are -2; once per turn, may place a card from hand on Force Pile to draw top card of Reserve Deck; and other Tusken Raiders here are forfeit +4.","U2","images/starwars/Virtual1-Dark/large/urorrurrr.gif","/img/Virtual1-Dark/urorrurrr.gif"
"VBlock1","Ur'Ru'r (V)","images/DS/alien.gif","Deploys only on Tatooine. During your deploy phase, if with URoRRuR'R'R, may deploy a weapon with 'Tusken' in lore here from Reserve Deck; reshuffle; your weapon destiny draws for such weapons are +2. During your deploy phase, may move Ur'Ru'r as a regular move.","R","images/starwars/Virtual1-Dark/large/urrur.gif","/img/Virtual1-Dark/urrur.gif"
"VBlock1","Vader (V)","images/DS/imperial.gif","","PM","images/starwars/Virtual1-Dark/large/vader.gif","/img/Virtual1-Dark/vader.gif"
"VBlock1","Fusion Generator Supply Tanks (V)","images/DS/device.gif","","C2","images/starwars/Virtual1-Dark/large/fusiongeneratorsupplytanks.gif","/img/Virtual1-Dark/fusiongeneratorsupplytanks.gif"
"VBlock1","A Bright Center To The Universe (V)","images/DS/effect.gif","Deploy on table. Once per turn, if you control more battlegrounds than opponent, when you lose Force to a Force drain, may retrieve X Force (may not be canceled), where X = all bonuses to that Force drain.","U","images/starwars/Virtual1-Dark/large/abrightcentertotheuniverse.gif","/img/Virtual1-Dark/abrightcentertotheuniverse.gif"
"VBlock1","A Disturbance In The Force (V)","images/DS/effect.gif","Deploy on table. Whever you verify opponent's Reserve Deck, may place a card there with 'podracer' in game text out of play or retrieve 1 Force.","U1","images/starwars/Virtual1-Dark/large/adisturbanceintheforce.gif","/img/Virtual1-Dark/adisturbanceintheforce.gif"
"VBlock1","Astromech Shortage (V)","images/DS/effect.gif","Deploy on table. During the power segment of a battle, may use X Force to reduce a starship's immunity to attrition by X for remainder of turn. Once per turn, may use 2 Force to cancel the game text of a [Maintenance] character or a senator for remainder of turn.","U2","images/starwars/Virtual1-Dark/large/astromechshortage.gif","/img/Virtual1-Dark/astromechshortage.gif"
"VBlock1","Besieged (V)","images/DS/effect.gif","","R2","images/starwars/Virtual1-Dark/large/besieged.gif","/img/Virtual1-Dark/besieged.gif"
"VBlock1","Blaster Rack (V)","images/DS/effect.gif","Deploy on table. During your deploy phase, if you just deployed a unique (�) character, may deploy a matching weapon on that character from Reserve Deck; reshuffle. (Immune to Alter.)","U1","images/starwars/Virtual1-Dark/large/blasterrack.gif","/img/Virtual1-Dark/blasterrack.gif"
"VBlock1","Come With Me (V)","images/DS/effect.gif","Deploy on Vader or your admiral. During your deploy phase, may deploy an Imperial pilot here from Reserve Deck; reshuffle. During any control phase, may place this Effect in Used Pile to take an Imperial pilot on table into hand (place all cards on that character in owner's Used Pile).","C2","images/starwars/Virtual1-Dark/large/comewithme.gif","/img/Virtual1-Dark/comewithme.gif"
"VBlock1","Dark Forces (V)","images/DS/effect.gif","Deploy on table. Once per turn, if opponent just drew weapon destiny targeting your Dark Jedi, may lose 1 Force to cancel and redraw that destiny. Once per game, may exchange a card in opponent's Lost Pile with a card on their Colo Claw Fish. (Immune to Alter.)","PM","images/starwars/Virtual1-Dark/large/darkforces.gif","/img/Virtual1-Dark/darkforces.gif"
"VBlock1","Forced Servitude (V)","images/DS/effect.gif","Deploy on table. Your troopers are Heroic. Opponent's total weapon destiny targeting your Heroic cards is +2. When opponent is about to remove their last card from Life Force, you may first place all your troopers in Used Pile (last card must still be removed). (Immune to Alter.)","PM","images/starwars/Virtual1-Dark/large/forcedservitude.gif","/img/Virtual1-Dark/forcedservitude.gif"
"VBlock1","Hyperwave Scan (V)","images/DS/effect.gif","Deploy on table. During opponent's move phase, may use 3 Force to peek at opponent's hand or place a Political Effect (and all cards on it) in owner's Used Pile. Unless you have 13 or more cards in hand, opponent may not place those cards in Used Pile. (Immune to Alter.)","U1","images/starwars/Virtual1-Dark/large/hyperwavescan.gif","/img/Virtual1-Dark/hyperwavescan.gif"
"VBlock1","Imperial Detainment","images/DS/effect.gif","Deploy on table.  We Have A Prisoner is a Used Interrupt.  TIEs are deploy +1 to Launch Bay. During your deploy phase, may deploy from Reserve Deck (or retrieve) one Besieged or a Launch Bay; reshuffle.  Once per turn, when your Imperial captures a character, opponent loses 1 Force. (Immune to Alter.)","U","images/starwars/Virtual1-Dark/large/imperialdetainment.gif","/img/Virtual1-Dark/imperialdetainment.gif"
"VBlock1","Imperial Justice (V)","images/DS/effect.gif","Deploy on table; shuffle your Reserve Deck, peek at top three cards, and stack them face-up here. During battle, may take a card here into hand to prevent all battle destiny draws from being modified or canceled (each player may draw no more than one battle destiny). (Immune to Alter.)","C2","images/starwars/Virtual1-Dark/large/imperialjustice.gif","/img/Virtual1-Dark/imperialjustice.gif"
"VBlock1","I've Lost Artoo! (V)","images/DS/effect.gif","Deploy on table.  If A Sith's Plans not on table, may deploy it from Reserve Deck; reshuffle.  Once per game, may take a device that deploys on a character and/or an Effect with 'skill' in game text into hand from Reserve Deck; reshuffle. Whenever your character leaves table, may place all your devices and Effects on them in Used Pile. (Immune to Alter.)(Errata Text - September 9th, 2009)","U1","images/starwars/Virtual1-Dark/large/ivelostartoo.gif","/img/Virtual1-Dark/ivelostartoo.gif"
"VBlock1","Jabba's Influence (V)","images/DS/effect.gif","Deploy on table. Your gangsters are information brokers. Your bounty hunters (except Boba Fett) are power +1. While Xizor on table, Scum And Villainy ignores Emperor. Once per game, if Jabba at Audience Chamber, may deploy a non-bounty hunter alien on table from Reserve Deck; reshuffle. (Immune to Alter.)","R","images/starwars/Virtual1-Dark/large/jabbasinfluence.gif","/img/Virtual1-Dark/jabbasinfluence.gif"
"VBlock1","Jawa Pack (V)","images/DS/effect.gif","Deploy on table. Your unique (�) Jawas are defense value +1. During battles at exterior Tatooine sites where your unique (�) Jawa is participating, may add one destiny to your total power.","U1","images/starwars/Virtual1-Dark/large/jawapack.gif","/img/Virtual1-Dark/jawapack.gif"
"VBlock1","Ket Maliss (V)","images/DS/effect.gif","Deploy on table.  Unless Emperor Palpatine on table, Black Sun agents are defense value +1 and forfeit +2.  Once per turn, may use 1 Force to deploy one Beedo, Dannik Jerriko, Greedo, Hem Dazon, Reegesk, or a docking bay from Reserve Deck; reshuffle. (Immune to Alter.)(Errata Text - September 9th, 2009)","C2","images/starwars/Virtual1-Dark/large/ketmaliss.gif","/img/Virtual1-Dark/ketmaliss.gif"
"VBlock1","Luke? Luuuuke! (V)","images/DS/effect.gif","Deploy on your non-droid character present at a battleground site; character may not be carried from here or move. Target a Jedi at a site. You lose no more than 1 Force to Force drains at target's location. This Utinni Effect canceled when reached by target.(Errata Text - September 9th, 2009)","U1","images/starwars/Virtual1-Dark/large/lukeluuuuke.gif","/img/Virtual1-Dark/lukeluuuuke.gif"
"VBlock1","Maneuver Check (V)","images/DS/effect.gif","Deploy on table. Once per game, if Alderaan 'blown away,' may target a system; unless opponent has a capital (or [Episode I]) starship there, Objectives treat that system as a Subjugated planet. Starships may not move the turn they are deployed (or carried) to Death Star. (Immune to Alter.)(Original concept by Tim Simon - New Jersey States 2005)","R2","images/starwars/Virtual1-Dark/large/maneuvercheck.gif","/img/Virtual1-Dark/maneuvercheck.gif"
"VBlock1","Molator (V)","images/DS/effect.gif","","R1","images/starwars/Virtual1-Dark/large/molator.gif","/img/Virtual1-Dark/molator.gif"
"VBlock1","Organa's Ceremonial Necklace (V)","images/DS/effect.gif","","R1","images/starwars/Virtual1-Dark/large/organasceremonialnecklace.gif","/img/Virtual1-Dark/organasceremonialnecklace.gif"
"VBlock1","Send A Detachment Down (V)","images/DS/effect.gif","Deploy on opponent's card (a device, droid, or weapon) that may be stolen by a character. Target your trooper at another location. When reached by target, place this Utinni Effect on target; target is power +2, steals opponent's card, and you may retrieve 3 Force.","R1","images/starwars/Virtual1-Dark/large/sendadetachmentdown.gif","/img/Virtual1-Dark/sendadetachmentdown.gif"
"VBlock1","Spice Mines Of Kessel (V)","images/DS/effect.gif","Deploy on Kessel. While your Star Destroyer here, opponent may not play Interrupts from their Lost Pile. If opponent just forfeited a character here, may place this Effect in Lost Pile to retrieve Force equal to that character's forfeit. (Immune to Alter.)","R1","images/starwars/Virtual1-Dark/large/spiceminesofkessel.gif","/img/Virtual1-Dark/spiceminesofkessel.gif"
"VBlock1","Sunsdown (V)","images/DS/effect.gif","Deploy on table. Dark Hours is canceled. Once per game, may target a system. At related sites, 'nighttime conditions' are in effect and spies are deploy -2. (Immune to Alter.)","U1","images/starwars/Virtual1-Dark/large/sunsdown.gif","/img/Virtual1-Dark/sunsdown.gif"
"VBlock1","Tactical Re-Call (V)","images/DS/effect.gif","Use 2 Force to deploy on opponent's site. Target opponent's leader at a site or character at the Galactic Senate. Target's game text is canceled. Utinni Effect canceled when reached by target.","R2","images/starwars/Virtual1-Dark/large/tacticalrecall.gif","/img/Virtual1-Dark/tacticalrecall.gif"
"VBlock1","Tarkin Doctrine","images/DS/effect.gif","Deploy on Death Star. During your control phase, for each battleground system controlled by your Star Destroyer within 2 parsecs of Death Star, opponent loses 1 Force. Canceled if opponent controls this system.(Errata Text - September 9th, 2009)","R2","images/starwars/Virtual1-Dark/large/tarkindoctrine.gif","/img/Virtual1-Dark/tarkindoctrine.gif"
"VBlock1","Tentacle (V)","images/DS/effect.gif","If opponent just played an Interrupt, unless three Tentacles on table, use 1 Force to deploy on table and stack that Interrupt here. Other copies of stacked Interrupt are destiny -3. (Immune to Control.)","C2","images/starwars/Virtual1-Dark/large/tentacle.gif","/img/Virtual1-Dark/tentacle.gif"
"VBlock1","Undercover (V)","images/DS/effect.gif","Deploy on your spy at a site. Spy is now Undercover. During your control phase, may take one Informant into hand from Reserve Deck; reshuffle. At same and related sites, opponent's [Permanent Weapon] weapon destiny draws are -1 (-2 if targeting this character). (Immune to Alter.)","C2","images/starwars/Virtual1-Dark/large/undercover.gif","/img/Virtual1-Dark/undercover.gif"
"VBlock1","Collateral Damage (V)","images/DS/interrupt.gif","If you just initiated battle where you have at least two characters (one a trooper and the other a leader), add two battle destiny. Opponent takes no battle damagethis battle. OR Deploy one Dewback from Reserve Deck; reshuffle.","C2","images/starwars/Virtual1-Dark/large/collateraldamage.gif","/img/Virtual1-Dark/collateraldamage.gif"
"VBlock1","Coordinated Attack (V)","images/DS/interrupt.gif","USED: If you just hit a target with a non-lightsaber non-[Permanent Weapon] weapon, may place target (and all cards on it) in owner's Used Pile.LOST: Cancel Heroic (and any immunity to attrition) on a character or starship this turn.","C","images/starwars/Virtual1-Dark/large/coordinatedattack.gif","/img/Virtual1-Dark/coordinatedattack.gif"
"VBlock1","Emergency Deployment (V)","images/DS/interrupt.gif","","U1","images/starwars/Virtual1-Dark/large/emergencydeployment.gif","/img/Virtual1-Dark/emergencydeployment.gif"
"VBlock1","Gravel Storm (V)","images/DS/interrupt.gif","Lose 1 Force to target a desert or non-interior Tatooine site. For remainder of turn, all immunity to attrition there is canceled.","U2","images/starwars/Virtual1-Dark/large/gravelstorm.gif","/img/Virtual1-Dark/gravelstorm.gif"
"VBlock1","I Can't Shake Him! (V)","images/DS/interrupt.gif","","C","images/starwars/Virtual1-Dark/large/icantshakehim.gif","/img/Virtual1-Dark/icantshakehim.gif"
"VBlock1","I'm On The Leader (V)","images/DS/interrupt.gif","Cancel the game text of a character at same system as Vader for remainder of turn.","R1","images/starwars/Virtual1-Dark/large/imontheleader.gif","/img/Virtual1-Dark/imontheleader.gif"
"VBlock1","Imperial Reinforcements (V)","images/DS/interrupt.gif","Once per game, if opponent has more cards with ability on table than you, draw destiny and retrieve up to that number of Imperials and/or Imperial starships (may take one retrieved card into hand). OR Cancel K'lor'slug.","C1","images/starwars/Virtual1-Dark/large/imperialreinforcements.gif","/img/Virtual1-Dark/imperialreinforcements.gif"
"VBlock1","Informant (V)","images/DS/interrupt.gif","Deploy Undercover on table from Reserve Deck; reshuffle. OR Peek at top X cards of opponent's Reserve Deck, where X = number of opponent's characters present with your Undercover spy. OR If your Undercover spy on table, peek at top card of your Reserve Deck.","U1","images/starwars/Virtual1-Dark/large/informant.gif","/img/Virtual1-Dark/informant.gif"
"VBlock1","Local Trouble (V)","images/DS/interrupt.gif","At the beginning of your battle phase, use 1 Force to initate a battle between two Imperials and an opponent's character present at same interior site. For remainder of turn, no other battles may occur here and opponent takes no battle damage here.","R1","images/starwars/Virtual1-Dark/large/localtrouble.gif","/img/Virtual1-Dark/localtrouble.gif"
"VBlock1","Look Sir, Droids (V)","images/DS/interrupt.gif","","R1","images/starwars/Virtual1-Dark/large/looksirdroids.gif","/img/Virtual1-Dark/looksirdroids.gif"
"VBlock1","Oo-ta Goo-ta, Solo? (V)","images/DS/interrupt.gif","USED: During battle at a site where your alien bounty hunter (except Boba Fett) is with opponent's smuggler, opponent may not draw more than one battle destiny.LOST: During battle at a site where you have an alien bounty hunter, add one battle destiny.","C2","images/starwars/Virtual1-Dark/large/ootagootasolo.gif","/img/Virtual1-Dark/ootagootasolo.gif"
"VBlock1","Surface Defense (V)","images/DS/interrupt.gif","USED: Use 1 Force to deploy an Effect that deploys for free on table (or your side of the table) and is always Immune to Alter from Reserve Deck; reshuffle.STARTING: When drawing your starting hand, draw up to 12 cards instead of 8. Place this Interrupt in Reserve Deck.(Original concept by Steven Lewis - PC Volunteer Award 2008)","R","images/starwars/Virtual1-Dark/large/surfacedefense.gif","/img/Virtual1-Dark/surfacedefense.gif"
"VBlock1","The Empire's Back (V)","images/DS/interrupt.gif","Use 1 Force to deploy (or retrieve) Motti, Tagge, Tarkin, or Vader from Reserve Deck; reshuffle. OR Once during your control phase, for each battleground controlled by Motti, Tagge, Tarkin, or Vader, opponent loses 1 Force.","U1","images/starwars/Virtual1-Dark/large/theempiresback.gif","/img/Virtual1-Dark/theempiresback.gif"
"VBlock1","Utinni! (V)","images/DS/interrupt.gif","Take an Utinni Effect into hand from Reserve Deck; reshuffle. OR Take a non-unique and/or a unique (�) Jawa into hand from Reserve Deck; reshuffle.","R1","images/starwars/Virtual1-Dark/large/utinni.gif","/img/Virtual1-Dark/utinni.gif"
"VBlock1","Watch Your Back! (V)","images/DS/interrupt.gif","Deploy a battleground system from Reserve Deck; reshuffle. OR If opponent just modified your battle destiny draw, cancel and redraw it (it may not be modified). OR If opponent just canceled your battle destiny draw, make that destiny = X instead, where X is the number of battlegrounds you occupy.","C","images/starwars/Virtual1-Dark/large/watchyourback.gif","/img/Virtual1-Dark/watchyourback.gif"
"VBlock1","We're All Gonna Be A Lot Thinner! (V)","images/DS/interrupt.gif","USED: Play at the start of your activate phase. When you activate Force this turn, use your opponent's Force icons instead of your own.LOST: Cancel Into The Garbage Chute, Flyboy.","R1","images/starwars/Virtual1-Dark/large/wereallgonnabealotthinner.gif","/img/Virtual1-Dark/wereallgonnabealotthinner.gif"
"VBlock1","Tatooine: Mos Eisley (V)","images/DS/site.gif","","C1","images/starwars/Virtual1-Dark/large/tatooinemoseisley.gif","/img/Virtual1-Dark/tatooinemoseisley.gif"
"VBlock1","Imperial EntanglementsNo One To Stop Us This Time","images/DS/objective.gif","","R","images/starwars/Virtual1-Dark/large/imperialentanglements.gif","/img/Virtual1-Dark/imperialentanglements.gif"
"VBlock1","Black 2 (V)","images/DS/starship.gif","","R1","images/starwars/Virtual1-Dark/large/black2.gif","/img/Virtual1-Dark/black2.gif"
"VBlock1","Black 3 (V)","images/DS/starship.gif","","U1","images/starwars/Virtual1-Dark/large/black3.gif","/img/Virtual1-Dark/black3.gif"
"VBlock1","Conquest (V)","images/DS/starship.gif","May add 6 pilots, 8 passengers, 2 vehicles, and 4 TIEs. Permanent pilot provides ability of 2. During battle, may lose 1 Force to cancel a non-[Immune to Sense] Interrupt.(Errata Text - September 9th, 2009)","R1","images/starwars/Virtual1-Dark/large/conquest.gif","/img/Virtual1-Dark/conquest.gif"
"VBlock1","Devastator (V)","images/DS/starship.gif","","R1","images/starwars/Virtual1-Dark/large/devastator.gif","/img/Virtual1-Dark/devastator.gif"
"VBlock1","Imperial-Class Star Destroyer (V)","images/DS/starship.gif","Deploys -1 to same location as a unique (�) Star Destroyer. May add 6 pilots and 4 TIEs. Permanent pilot provides ability of 1. Unless alone, draws one battle destiny if unable to otherwise.(Errata Text - September 9th, 2009)","U1","images/starwars/Virtual1-Dark/large/imperialclassstardestroyer.gif","/img/Virtual1-Dark/imperialclassstardestroyer.gif"
"VBlock1","Bantha (V)","images/DS/vehicle.gif","May add 2 'riders' (passengers). Ability = 1/2. May move as a 'react.' Tusken Raiders here are power +1. Scum And Villainy ignores creature vehicles. During your deploy phase, may deploy one Bantha Herd from Reserve Deck; reshuffle.","U2","images/starwars/Virtual1-Dark/large/bantha.gif","/img/Virtual1-Dark/bantha.gif"
"VBlock1","Cyclone 1","images/DS/vehicle.gif","","R","images/starwars/Virtual1-Dark/large/cyclone1.gif","/img/Virtual1-Dark/cyclone1.gif"
"VBlock1","Dewback (V)","images/DS/vehicle.gif","Deploys only on Tatooine. Ability = 1/4. May add 1 'rider' (passenger). May be targeted by Trample instead of a piloted AT-AT. During battle, may 'roar' to make a character here defense value -1.(Errata Text - September 9th, 2009)","C","images/starwars/Virtual1-Dark/large/dewback.gif","/img/Virtual1-Dark/dewback.gif"
"VBlock1","Sandcrawler (V)","images/DS/vehicle.gif","Permanent driver provides no ability. May add 7 passengers. Jawas at same site are power +1 and forfeit +2. During your deploy phase, may deploy a Jawa here from Reserve Deck; reshuffle.","R2","images/starwars/Virtual1-Dark/large/sandcrawler.gif","/img/Virtual1-Dark/sandcrawler.gif"
"VBlock1","URoRRuR'R'R's Bantha (V)","images/DS/vehicle.gif","Deploys only on Tatooine. May add 2 'riders' (passengers). Ability = 1/2. While URoRRuR'R'R aboard, adds one battle destiny. During your deploy phase, may deploy one URoRRuR'R'R here from Reserve Deck; reshuffle.","R","images/starwars/Virtual1-Dark/large/urorrurrrsbantha.gif","/img/Virtual1-Dark/urorrurrrsbantha.gif"
"VBlock1","Assault Rifle (V)","images/DS/weapon.gif","","R2","images/starwars/Virtual1-Dark/large/assaultrifle.gif","/img/Virtual1-Dark/assaultrifle.gif"
"VBlock1","Han Seeker (V)","images/DS/weapon.gif","","R2","images/starwars/Virtual1-Dark/large/hanseeker.gif","/img/Virtual1-Dark/hanseeker.gif"
"VBlock1","Leia Seeker (V)","images/DS/weapon.gif","Use 1 Force to deploy to an unoccupied site. Deploys and moves like an Undercover spy. If present with [Permanent Weapon] Leia or a senator, this weapon and that character are lost ('all cards' situation).(Errata Text - September 9th, 2009)","R2","images/starwars/Virtual1-Dark/large/leiaseeker.gif","/img/Virtual1-Dark/leiaseeker.gif"
